ID_location;City;US_State;Country;Continent;
1;A Coruña;;Spain;Europe;
2;Aarhus;;Denmark;Europe;
3;Aberdeen;;UK;Europe;
4;Aberdyfi;;UK;Europe;
5;Abu Dhabi;;United Arab Emirates;Asia;
6;Adel;Iowa;USA;North America;
7;Afton;Wisconsin;USA;North America;
8;Ahmedabad;;India;Asia;
9;Albany;;UK;Europe;
10;Albuquerque;New Mexico;USA;North America;
11;Alexandria;Virginia;USA;North America;
12;Algiers;;Algeria;Africa;
13;Allendorf;;Germany;Europe;
14;Almaty;;Kazakhstan;Asia;
15;Alpine;New Jersey;USA;North America;
16;Amsterdam;;Netherlands;Europe;
17;Ankara;;Turkey;Europe;
18;Annapolis;Maryland;USA;North America;
19;Anyang;;South Korea;Asia;
20;Aspen;Colorado;USA;North America;
21;Astana;;Kazakhstan;Asia;
22;Athens;;Greece;Europe;
23;Atherton;California;USA;North America;
24;Atlanta;Georgia;USA;North America;
25;Auckland;;New Zealand;Australia;
26;Audubon;Pennsylvania;USA;North America;
27;Augsburg;;Germany;Europe;
28;Aurangabad;;India;Asia;
29;Aurich;;Germany;Europe;
30;Austin;Texas;USA;North America;
31;Baar;;Switzerland;Europe;
32;Baarn;;Netherlands;Europe;
33;Bad Homburg;;Germany;Europe;
34;Badalona;;Spain;Europe;
35;Bal Harbour;Florida;USA;North America;
36;Balsas;;Brazil;South America;
37;Bangalore;;India;Asia;
38;Bangkok;;Thailand;Asia;
39;Baoding;;China;Asia;
40;Barcelona;;Spain;Europe;
41;Baroda;;India;Asia;
42;Basel;;Switzerland;Europe;
43;Bassano del Grappa;;Italy;Europe;
44;Bastad;;Sweden;Europe;
45;Bat-Yam;;Israel;Asia;
46;Baton Rouge;Louisiana;USA;North America;
47;Bedford;New York;USA;North America;
48;Beijing;;China;Asia;
49;Beirut;;Lebanon;Asia;
50;Beit Yanay;;Israel;Asia;
51;Bellawongarah;;Australia;Australia;
52;Belle Vernon;Pennsylvania;USA;North America;
53;Bellingham;Washington;USA;North America;
54;Belo Horizonte;;Brazil;South America;
55;Belvedere;California;USA;North America;
56;Bentonville;Arkansas;USA;North America;
57;Bergamo;;Italy;Europe;
58;Berkeley;California;USA;North America;
59;Berlin;;Germany;Europe;
60;Bermuda;;Bermuda;North America;
61;Bethesda;Maryland;USA;North America;
62;Beverly Hills;California;USA;North America;
63;Bielefeld;;Germany;Europe;
64;Big Sky;Montana;USA;North America;
65;Bikaner;;India;Asia;
66;Billund;;Denmark;Europe;
67;Bingham Farms;Michigan;USA;North America;
68;Binningen;;Switzerland;Europe;
69;Binzhou;;China;Asia;
70;Birchwood;Wisconsin;USA;North America;
71;Birmingham;Michigan;USA;North America;
72;Blaine;Washington;USA;North America;
73;Blaricum;;Netherlands;Europe;
74;Bloomfield Hills;Michigan;USA;North America;
75;Bloomington;Indiana;USA;North America;
76;Bnei Atarot;;Israel;Asia;
77;Bnei Brak;;Israel;Asia;
78;Boca Raton;Florida;USA;North America;
79;Bogota;;Colombia;South America;
80;Bonita Springs;Florida;USA;North America;
81;Boston;Massachusetts;USA;North America;
82;Boucherville;;Canada;North America;
83;Bovenden;;Germany;Europe;
84;Bozeman;Montana;USA;North America;
85;Branford;Connecticut;USA;North America;
86;Bratislava;;Slovakia;Europe;
87;Brescia;;Italy;Europe;
88;Brisbane;;Australia;Australia;
89;Bristol;;UK;Europe;
90;Brookline;Massachusetts;USA;North America;
91;Brookville;Ohio;USA;North America;
92;Brownsville;Texas;USA;North America;
93;Bruchsal;;Germany;Europe;
94;Brunswick;;Germany;Europe;
95;Brusque;;Brazil;South America;
96;Brussels;;Italy;Europe;
97;Bryn Mawr;Pennsylvania;USA;North America;
98;Bucharest;;Romania;Europe;
99;Budapest;;Hungary;Europe;
100;Buenos Aires;;Argentina;South America;
101;Buones Aires;;Argentina;South America;
102;Burgdorf;;Switzerland;Europe;
103;Burlington;;Canada;North America;
104;Busan;;South Korea;Asia;
105;Cairo;;Egypt;Africa;
106;Camas;Washington;USA;North America;
107;Campodoro;;Italy;Europe;
108;Campos do Jordao;;Brazil;South America;
109;Canberra;;Australia;Australia;
110;Cape Town;;South Africa;Africa;
111;Cardiff;;UK;Europe;
112;Carmel;Indiana;USA;North America;
113;Cary;North Carolina;USA;North America;
114;Casablanca;;Morocco;Africa;
115;Cataguazes;;Brazil;South America;
116;Cesena;;Italy;Europe;
117;Chang Hwa County;;Taiwan;Asia;
118;Changchun;;China;Asia;
119;Changsha;;China;Asia;
120;Changshu;;China;Asia;
121;Changzhou;;China;Asia;
122;Chaozhou;;China;Asia;
123;Chapel Hill;North Carolina;USA;North America;
124;Charleston;South Carolina;USA;North America;
125;Charlotte;North Carolina;USA;North America;
126;Chattanooga;Tennessee;USA;North America;
127;Chengdu;;China;Asia;
128;Chennai;;India;Asia;
129;Cheongju;;South Korea;Asia;
130;Cheshire;;UK;Europe;
131;Chestnut Hill;Massachusetts;USA;North America;
132;Chevy Chase;Maryland;USA;North America;
133;Chiba;;Japan;Asia;
134;Chicago;Illinois;USA;North America;
135;Chongqing;;China;Asia;
136;Cieszyn;;Poland;Europe;
137;Cincinnati;Ohio;USA;North America;
138;Cisco;Texas;USA;North America;
139;City;State;Country_of_residence;Continent;
140;Clearwater;Florida;USA;North America;
141;Cleveland;Ohio;USA;North America;
142;Coatesville;Pennsylvania;USA;North America;
143;Coconut Grove;Florida;USA;North America;
144;Cogliate;;Italy;Europe;
145;Cologne;;Germany;Europe;
146;Como;;Italy;Europe;
147;Concord;Massachusetts;USA;North America;
148;Copenhagen;;Denmark;Europe;
149;Coral Gables;Florida;USA;North America;
150;Crans Montana;;Switzerland;Europe;
151;Crocetta del Montello;;Italy;Europe;
152;Croton-on-Hudson;New York;USA;North America;
153;Cupertino;California;USA;North America;
154;Curitiba;;Brazil;South America;
155;Cut Off;Louisiana;USA;North America;
156;Dalian;;China;Asia;
157;Dallas;Texas;USA;North America;
158;Danyang;;China;Asia;
159;Dar es Salaam;;Tanzania;Africa;
160;Darien;Connecticut;USA;North America;
161;Darmstadt;;Germany;Europe;
162;Davos;;Switzerland;Europe;
163;Daye;;China;Asia;
164;Daytona Beach;Florida;USA;North America;
165;Deinze;;Belgium;Europe;
166;Delaware;Ohio;USA;North America;
167;Delhi;;India;Asia;
168;Delray Beach;Florida;USA;North America;
169;Denver;Colorado;USA;North America;
170;Detmold;;Germany;Europe;
171;Dezhou;;China;Asia;
172;Dnipro;;Ukraine;Europe;
173;Doha;;Qatar;Asia;
174;Donetsk;;Ukraine;Europe;
175;Dongguan;;China;Asia;
176;Dongying;;China;Asia;
177;Dubai;;United Arab Emirates;Asia;
178;Dublin;;Ireland;Europe;
179;Duderstadt;;Germany;Europe;
180;Duluth;Georgia;USA;North America;
181;Durham;;UK;Europe;
182;Dusseldorf;;Germany;Europe;
183;East Aurora;New York;USA;North America;
184;East Hampton;New York;USA;North America;
185;East Setauket;New York;USA;North America;
186;Easton;Pennsylvania;USA;North America;
187;Edmond;Oklahoma;USA;North America;
188;Edmonton;;Canada;North America;
189;Eindhoven;;Netherlands;Europe;
190;El Cerrito;California;USA;North America;
191;El Paso;Texas;USA;North America;
192;Electra;Texas;USA;North America;
193;Elizabeth;Colorado;USA;North America;
194;Englewood;Colorado;USA;North America;
195;Erie;Pennsylvania;USA;North America;
196;Ernakulam;;India;Asia;
197;Espelkamp;;Germany;Europe;
198;Esporles;;Spain;Europe;
199;Eusebio;;Brazil;South America;
200;Ezulwini;;Eswatini;Africa;
201;Far Hills;New Jersey;USA;North America;
202;Faridabad;;India;Asia;
203;Farmington Hills;Michigan;USA;North America;
204;Fayetteville;Arkansas;USA;North America;
205;Felcsut;;Hungary;Europe;
206;Feldmeilen;;Switzerland;Europe;
207;Fiesole;;Italy;Europe;
208;Fisher Island;Florida;USA;North America;
209;Florianopolis;;Brazil;South America;
210;Fort Collins;Colorado;USA;North America;
211;Fort Lauderdale;Florida;USA;North America;
212;Fort Worth;Texas;USA;North America;
213;Fortaleza;;Brazil;South America;
214;Foshan;;China;Asia;
215;Franca;;Brazil;South America;
216;Frankfurt am Main;;Germany;Europe;
219;Franklin;Tennessee;USA;North America;
220;Fukuoka;;Japan;Asia;
221;Fuqing;;China;Asia;
222;Fuschl am See;;Austria;Europe;
223;Fushun;;China;Asia;
224;Fuzhou;;China;Asia;
225;Gallatin;Tennessee;USA;North America;
226;Gaomi;;China;Asia;
227;Geneva;;Switzerland;Europe;
228;Gladstone;New Jersey;USA;North America;
229;Glencoe;Illinois;USA;North America;
230;Glendora;California;USA;North America;
231;Gloucestershire;;UK;Europe;
232;Gold Coast;;Australia;Australia;
233;Gorinchem;;Netherlands;Europe;
234;Gothenburg;;Sweden;Europe;
235;Grand Cayman;;Cayman Islands;North America;
236;Grand Rapids;Michigan;USA;North America;
237;Graz;;Austria;Europe;
238;Grebenhain;;Germany;Europe;
239;Greenwich;Connecticut;USA;North America;
240;Grijo;;Portugal;Europe;
241;Gstaad;;Switzerland;Europe;
242;Guangzhou;;China;Asia;
243;Guiyang;;China;Asia;
244;Gurgaon;;India;Asia;
245;Haiger;;Germany;Europe;
246;Haikou;;China;Asia;
247;Haining;;China;Asia;
248;Hamburg;;Germany;Europe;
249;Hangzhou;;China;Asia;
250;Hanoi;;Vietnam;Asia;
251;Haridwar;;India;Asia;
252;Hattiesburg;Mississippi;USA;North America;
253;Haverford;Pennsylvania;USA;North America;
254;Hefei;;China;Asia;
255;Heidelberg;;Germany;Europe;
256;Helsingborg;;Sweden;Europe;
257;Helsinki;;Finland;Europe;
258;Henderson;Nevada;USA;North America;
259;Hengshui;;China;Asia;
260;Hertfordshire;;UK;Europe;
261;Herzliya;;Israel;Asia;
262;Herzogenaurach;;Germany;Europe;
263;Highland Park;Illinois;USA;North America;
264;Hillsboro;Oregon;USA;North America;
265;Hillsborough;California;USA;North America;
266;Hisar;;India;Asia;
267;Ho Chi Minh City;;Vietnam;Asia;
268;Hobe Sound;Florida;USA;North America;
269;Hohhot;;China;Asia;
270;Hokkaido;;Japan;Asia;
271;Holzminden;;Germany;Europe;
272;Hong Kong;;China;Asia;
273;Honolulu;Hawaii;USA;North America;
274;Houston;Texas;USA;North America;
275;Hsinchu;;Taiwan;Asia;
276;Huaibei city;;China;Asia;
277;Huizhou;;China;Asia;
278;Humlebaek;;Denmark;Europe;
279;Hunts Point;Washington;USA;North America;
280;Hurden;;Switzerland;Europe;
281;Huzhou;;China;Asia;
282;Hyderabad;;India;Asia;
283;Idaho Falls;Idaho;USA;North America;
284;Incline Village;Nevada;USA;North America;
285;Indian Creek;Florida;USA;North America;
286;Indian Hills;Colorado;USA;North America;
287;Indianapolis;Indiana;USA;North America;
288;Irkutsk;;Russia;Europe;
289;Irvine;California;USA;North America;
290;Islamorada;Florida;USA;North America;
291;Isle of Man;;UK;Europe;
292;Istanbul;;Turkey;Asia;
293;Jackson;Wyoming;USA;North America;
294;Jacksonville;Florida;USA;North America;
295;Jaipur;;India;Asia;
296;Jakarta;;Indonesia;Asia;
297;Jiangyin;;China;Asia;
298;Jiaozuo;;China;Asia;
299;Jiaxing;;China;Asia;
300;Jilin;;China;Asia;
301;Jinhua;;China;Asia;
302;Jinjiang;;China;Asia;
303;Johannesburg;;South Africa;Africa;
304;Joinville;;Brazil;South America;
305;Jona;;Switzerland;Europe;
306;Jupiter;Florida;USA;North America;
307;Kaliningrad;;Russia;Europe;
308;Kanton Schwyz;;Switzerland;Europe;
309;Kaohsiung;;Taiwan;Asia;
310;Karlstad;;Sweden;Europe;
311;Kashiwa;;Japan;Asia;
312;Kathmandu;;Nepal;Asia;
313;Katonah;New York;USA;North America;
314;Kauai;Hawaii;USA;North America;
315;Kazan;;Russia;Europe;
316;Kearney;Nebraska;USA;North America;
317;Kent;;UK;Europe;
318;Key Largo;Florida;USA;North America;
319;Key West;Florida;USA;North America;
320;Kfar Shmaryahu;;Israel;Asia;
321;Kielce;;Poland;Europe;
322;Kiev;;Ukraine;Europe;
323;Kingscourt;;Ireland;Europe;
324;Kirkkonummi;;Finland;Europe;
325;Kitzbuhel;;Germany;Europe;
326;Knoxville;Tennessee;USA;North America;
327;Koenigstein;;Germany;Europe;
328;Kohler;Wisconsin;USA;North America;
329;Kolkata;;India;Asia;
330;Konstancin;;Poland;Europe;
331;Kottayam;;India;Asia;
332;Krasnodar;;Russia;Europe;
333;Krefeld;;Germany;Europe;
334;Krotoszyn,;;Poland;Europe;
335;Kuala Lumpur;;Malaysia;Asia;
336;Kudus;;Indonesia;Asia;
337;Kuenzelsau;;Germany;Europe;
338;Kunming;;China;Asia;
339;Kunshan;;China;Asia;
340;Küsnacht;;Switzerland;Europe;
341;Kverva;;Norway;Europe;
342;Kyoto;;Japan;Asia;
343;La Coruna;;Spain;Europe;
344;La Jolla;California;USA;North America;
345;Lagos;;Nigeria;Africa;
346;Laguna Beach;California;USA;North America;
347;Laizhou;;China;Asia;
348;Lake Bluff;Illinois;USA;North America;
349;Lake Worth;Florida;USA;North America;
350;Lakeland;Florida;USA;North America;
351;Lanai;Hawaii;USA;North America;
352;Landsberg;;Germany;Europe;
353;Langfang;;China;Asia;
354;Lanzhou;;China;Asia;
355;Larchmont;New York;USA;North America;
356;Las Vegas;Nevada;USA;North America;
357;Lausanne;;Switzerland;Europe;
358;Laval;;France;Europe;
359;Leawood;Kansas;USA;North America;
360;Leicester;;UK;Europe;
361;Leipzig;;Germany;Europe;
362;Lexington;Kentucky;USA;North America;
363;Lianyungang;;China;Asia;
364;Liaocheng;;China;Asia;
365;Liaoyang;;China;Asia;
366;Liberty;New York;USA;North America;
367;Liestal;;Switzerland;Europe;
368;Lighthouse Point;Florida;USA;North America;
369;Lille;;France;Europe;
370;Lima;;Peru;South America;
371;Limassol;;Cyprus;Europe;
372;Linhai;;China;Asia;
373;Linyi;;China;Asia;
374;Lipperswil;;Switzerland;Europe;
375;Little Jackson Hole;Wyoming;USA;North America;
376;Little Rock;Arkansas;USA;North America;
377;Liupanshui;;China;Asia;
378;Livingston;Montana;USA;North America;
379;Locust Valley;New York;USA;North America;
380;London;;UK;Europe;
381;Longkou;;China;Asia;
382;Los Altos;California;USA;North America;
383;Los Angeles;California;USA;North America;
384;Los Gatos;California;USA;North America;
385;Luancheng;;China;Asia;
386;Lucerne;;Switzerland;Europe;
387;Lugano;;Switzerland;Europe;
388;Luohe;;China;Asia;
389;Lutherville-Timonium;Maryland;USA;North America;
390;Lyon;;France;Europe;
391;Maanshan;;China;Asia;
392;Madison;Wisconsin;USA;North America;
393;Madrid;;Spain;Europe;
394;Magnitogorsk;;Russia;Europe;
395;Mainz;;Germany;Europe;
396;Makati;;Philippines;Asia;
397;Malibu;California;USA;North America;
398;Manalapan;Florida;USA;North America;
399;Manama;;Bahrain;Asia;
400;Manantiales;;Uruguay;South America;
401;Manaus;;Brazil;South America;
402;Manila;;Philippines;Asia;
403;Mankato;Minnesota;USA;North America;
404;Mantua;;Italy;Europe;
405;Marbella;;Spain;Europe;
406;Marburg;;Germany;Europe;
407;Marin County;California;USA;North America;
408;Marina Del Rey;California;USA;North America;
409;Martigny;;Switzerland;Europe;
410;Matadepera;;Spain;Europe;
411;McLean;Virginia;USA;North America;
412;Medina;Washington;USA;North America;
413;Meishan;;China;Asia;
414;Melbourne;;Australia;Australia;
415;Melsungen;;Germany;Europe;
416;Menlo Park;California;USA;North America;
417;Mercer Island;Washington;USA;North America;
418;Merseyside;;UK;Europe;
419;Mevaseret Zion;;Israel;Asia;
420;Mexico City;;Mexico;North America;
421;Mezhdurechensk;;Russia;Europe;
422;Miami;Florida;USA;North America;
423;Miami Beach;Florida;USA;North America;
424;Miamisburg;Ohio;USA;North America;
425;Milan;;Italy;Europe;
426;Millburn;New Jersey;USA;North America;
427;Millersville;Maryland;USA;North America;
428;Milton;Massachusetts;USA;North America;
429;Missoula;Montana;USA;North America;
430;Modena;;Italy;Europe;
431;Monaca;;Monaco;Europe;
432;Monaco;;Monaco;Europe;
433;Monsey;New York;USA;North America;
434;Montabaur;;Germany;Europe;
435;Montagnola;;Switzerland;Europe;
436;Monte Carlo;;Monaco;Europe;
437;Monte Vista;California;USA;North America;
438;Montecito;California;USA;North America;
439;Montpellier;;France;Europe;
440;Montreal;;Canada;North America;
441;Moscow;;Russia;Europe;
442;Mount Kisco;New York;USA;North America;
443;Mumbai;;India;Asia;
444;Munich;;Germany;Europe;
445;Murmansk;;Russia;Europe;
446;Muscat;;Oman;Asia;
447;Nanchang;;China;Asia;
448;Nanjing;;China;Asia;
449;Nanping;;China;Asia;
450;Nantes;;France;Europe;
451;Nantong;;China;Asia;
452;Nanyang;;China;Asia;
453;Naples;Florida;USA;North America;
454;Nashville;Tennessee;USA;North America;
455;Neckarsulm;;Germany;Europe;
456;Necker Island;;British Virgin Islands;North America;
457;Netanya;;Israel;Asia;
458;Neustadt an der Waldnaab;;Germany;Europe;
459;New Albany;Ohio;USA;North America;
460;New Delhi;;India;Asia;
461;New Orleans;Louisiana;USA;North America;
462;New South Wales;;Australia;Australia;
463;New York City;New York;USA;North America;
464;Newmarket;;UK;Europe;
465;Newport Beach;California;USA;North America;
466;Newport Coast;California;USA;North America;
467;Newton;Massachusetts;USA;North America;
468;Nicasio;California;USA;North America;
469;Ningbo;;China;Asia;
470;Ningde;;China;Asia;
471;Ningguo;;China;Asia;
472;North Palm Beach;Florida;USA;North America;
473;North Salem;New York;USA;North America;
474;North York;;Canada;North America;
475;Norwich;;UK;Europe;
476;Nottinghamshire;;UK;Europe;
477;Oak Brook;Illinois;USA;North America;
478;Oakville;;Canada;North America;
479;Ohningen;;Germany;Europe;
480;Oklahoma City;Oklahoma;USA;North America;
481;Old Lyme;Connecticut;USA;North America;
482;Omaha;Nebraska;USA;North America;
483;Ormond Beach;Florida;USA;North America;
484;Orono;Minnesota;USA;North America;
485;Osaka;;Japan;Asia;
486;Oslo;;Norway;Europe;
487;Ottawa;;Canada;North America;
488;Oviedo;;Spain;Europe;
489;Oyster Bay;New York;USA;North America;
490;Pacific Palisades;California;USA;North America;
491;Palisades;New York;USA;North America;
492;Palm Beach;Florida;USA;North America;
493;Palma de Majorca;;Spain;Europe;
494;Palo Alto;California;USA;North America;
495;Panzhihua;;China;Asia;
496;Paradise Island;;Bahamas;Australia;
497;Paradise Valley;Arizona;USA;North America;
498;Paris;;France;Europe;
499;Park City;Utah;USA;North America;
500;Passau;;Germany;Europe;
501;Penang;;Malaysia;Asia;
502;Perth;;Australia;Australia;
503;Petaling Jaya;;Malaysia;Asia;
504;Philadelphia;Pennsylvania;USA;North America;
505;Phnom Penh;;Cambodia;Asia;
506;Phoenix;Arizona;USA;North America;
507;Pittsburgh;Pennsylvania;USA;North America;
508;Plantation;Florida;USA;North America;
509;Pleasanton;California;USA;North America;
510;Plymouth;Minnesota;USA;North America;
511;Ponzano Veneto;;Italy;Europe;
512;Port Washington;New York;USA;North America;
513;Portage;Michigan;USA;North America;
514;Portland;Oregon;USA;North America;
515;Porto Alegre;;Brazil;South America;
516;Portola Valley;California;USA;North America;
517;Potomac;Maryland;USA;North America;
518;Prague;;Czech Republic;Europe;
519;Princeton;New New Jersey;USA;North America;
520;Providence;Rhode Island;USA;North America;
521;Provo;Utah;USA;North America;
522;Pujols;;France;Europe;
523;Pune;;India;Asia;
524;Putian;;China;Asia;
525;Qingdao;;China;Asia;
526;Qinhuangdao;;China;Asia;
527;Qiqihaer;;China;Asia;
528;Quanzhou;;China;Asia;
529;Quzhou;;China;Asia;
530;Racine;Wisconsin;USA;North America;
531;Raleigh;North Carolina;USA;North America;
532;Rancho Santa Fe;California;USA;North America;
533;Rechterfeld;;Germany;Europe;
534;Redding;California;USA;North America;
535;Redlands;California;USA;North America;
536;Redwood City;California;USA;North America;
537;Rennes;;France ;Europe;
538;Reno;Nevada;USA;North America;
539;Rheda-Wiedenbruck;;Germany;Europe;
540;Rheinfelden;;Switzerland;Europe;
541;Rhinebeck;New York;USA;North America;
542;Rio de Janeiro;;Brazil;South America;
543;Rizhao;;China;Asia;
544;Rochester;New York;USA;North America;
545;Rolling Hills;California;USA;North America;
546;Rome;;Italy;Europe;
547;Rosslyn;Virgina;USA;North America;
548;Rostov-on-Don;;Russia;Europe;
549;Rottendorf;;Germany;Europe;
550;Ruschlikon;;Switzerland;Europe;
551;Ruzhou;;China;Asia;
552;Rye;New York;USA;North America;
553;Saddle River;New New Jersey;USA;North America;
554;Sag Harbor;New York;USA;North America;
555;Sagaponack;New York;USA;North America;
556;Saint John;;Canada;North America;
557;Saint Petersburg;Florida;USA;North America;
558;Saint-Emilion;;France;Europe;
559;Saitama;;Japan;Asia;
560;Salt Lake City;Utah;USA;North America;
561;San Anselmo;California;USA;North America;
562;San Antonio;Texas;USA;North America;
563;San Carlos;California;USA;North America;
564;San Diego;California;USA;North America;
565;San Francisco;California;USA;North America;
566;San Jose;California;USA;North America;
567;San Juan Islands;Washington;USA;North America;
568;San Mateo;California;USA;North America;
569;Sands Point;New York;USA;North America;
570;Sant Elpidio A Mare;;Italy;Europe;
571;Santa Barbara;California;USA;North America;
572;Santa Clara;California;USA;North America;
573;Santa Cruz;California;USA;North America;
574;Santa Monica;California;USA;North America;
575;Santiago;;Chile;South America;
576;Santo Andre;;Brazil;South America;
577;Sao Jose dos Pinhais;;Brazil;South America;
578;Sao Paulo;;Brazil;South America;
579;Sarasota;Florida;USA;North America;
580;Saratoga;California;USA;North America;
581;Scarborough;Maine;USA;North America;
582;Schindellegi;;Switzerland;Europe;
583;Schwieberdingen;;Germany;Europe;
584;Scottsdale;Arizona;USA;North America;
585;Seattle;Washington;USA;North America;
586;Selangor;;Malaysia;Asia;
587;Seoul;;South Korea;Asia;
588;Sewickley;Pennsylvania;USA;North America;
589;Shanghai;;China;Asia;
590;Shangyu;;China;Asia;
591;Shantou;;China;Asia;
592;Shaoxing;;China;Asia;
593;Shelburne;Vermont;USA;North America;
594;Shenyang;;China;Asia;
595;Shenzhen;;China;Asia;
596;Shijiazhuang;;China;Asia;
597;Short Hills;New New Jersey;USA;North America;
598;Shunde;;China;Asia;
599;Singapore;;Singapore;Asia;
600;Sioux Falls;Dakota;USA;North America;
601;Solomeo;;Italy;Europe;
602;Sonoma;California;USA;North America;
603;Southampton;New York;USA;North America;
604;Spilamberto;;Italy;Europe;
605;Springdale;Arkansas;USA;North America;
606;Springfield;Illinois;USA;North America;
607;St. Brelade;;UK;Europe;
608;St. Gallen;;Switzerland;Europe;
609;St. Louis;Missouri;USA;North America;
610;St. Paul;Minnesota;USA;North America;
611;St. Peter Port;;Guernsey;Europe;
612;St. Wendel;;Germany;Europe;
613;Steamboat Springs;Colorado;USA;North America;
614;Stellenbosch;;South Africa;Africa;
615;Stockholm;;Sweden;Europe;
616;Stoke-on-Trent;;UK;Europe;
617;Straelen;;Germany;Europe;
618;Stuttgart;;Germany;Europe;
619;Sugar Land;Texas;USA;North America;
620;Suqian;;China;Asia;
621;Surabaya;;Indonesia;Asia;
622;Surfers Paradise;;Australia;Australia;
623;Surgut;;Russia;Europe;
624;Surrey;;UK;Europe;
625;Suzhou;;China;Asia;
626;Sydney;;Australia;Australia;
627;Taichung;;Taiwan;Asia;
628;Tainan;;Taiwan;Asia;
629;Taipei;;Taiwan;Asia;
630;Taixing;;China;Asia;
631;Taizhou;;China;Asia;
632;Tampa;Florida;USA;North America;
633;Taoyuan;;Taiwan;Asia;
634;Tarrytown;New York;USA;North America;
635;Tawau;;Malaysia;Asia;
636;Tbilisi;;Georgia;Asia;
637;Tegernsee;;Germany;Europe;
638;Tel Aviv;;Israel;Asia;
639;Tempe;Arizona;USA;North America;
640;Tervuren;;Belgium;Europe;
641;The Plains;Virginia;USA;North America;
642;The Woodlands;Texas;USA;North America;
643;Thrissur;;India;Asia;
644;Tianjin;;China;Asia;
645;Tokyo;;Japan;Asia;
646;Tonghua;;China;Asia;
647;Tongxiang;;China;Asia;
648;Torino;;Italy;Europe;
649;Toronto;;Canada;North America;
650;Treviso;;Italy;Europe;
651;Trivandrum;;India;Asia;
652;Trondheim;;Norway;Europe;
653;Truckee;California;USA;North America;
654;Tulsa;Oklahoma;USA;North America;
655;Turin;;Italy;Europe;
656;Turks and Caicos Islands;;Turks and Caicos Islands;North America;
657;Ulm;;Germany;Europe;
658;Urumchi;;China;Asia;
659;Urumqi;;China;Asia;
660;Vadodara;;India;Asia;
661;Vaduz;;Liechtenstein;Europe;
662;Valencia;;Spain;Europe;
663;Vancouver;;Canada;North America;
664;Venice;California;USA;North America;
665;Ventura;California;USA;North America;
666;Verbier;;Switzerland;Europe;
667;Verkhniaya Pyshma;;Russia;Europe;
668;Vettre;;Norway;Europe;
669;Vienna;;Austria;Europe;
670;Virginia Beach;Virginia;USA;North America;
671;Visbek;;Germany;Europe;
672;Vladivostok;;Russia;Europe;
673;Vorden;;Netherlands;Europe;
674;Walldorf;;Germany;Europe;
675;Warsaw;;Poland;Europe;
676;Weifang;;China;Asia;
677;Weihai;;China;Asia;
678;Weinheim;;Germany;Europe;
679;Weiningen;;Switzerland;Europe;
680;Wellington;Florida;USA;North America;
681;Wels;;Austria;Europe;
682;Wenzhou;;China;Asia;
683;Westmount;;Canada;North America;
684;Weston;Massachusetts;USA;North America;
685;Whistler;;Australia;Australia;
686;Wichita;Kansas;USA;North America;
687;Wilen;;Switzerland;Europe;
688;Wilen bei Wollerau;;Switzerland;Europe;
689;Wilson;Wyoming;USA;North America;
690;Windermere;Florida;USA;North America;
691;Windsor;;Canada;North America;
692;Winnetka;Illinois;USA;North America;
693;Wollerau;;Switzerland;Europe;
694;Woodside;California;USA;North America;
695;Wotton-under-Edge;;UK;Europe;
696;Wuhan;;China;Asia;
697;Wuhu;;China;Asia;
698;Wujiang;;China;Asia;
699;Wuxi;;China;Asia;
700;Wynnewood;Pennsylvania;USA;North America;
701;Xi'an;;China;Asia;
702;Xiamen;;China;Asia;
703;Xianyang;;China;Asia;
704;Xingtai;;China;Asia;
705;Xinxiang;;China;Asia;
706;Xinyu;;China;Asia;
707;Yangzhou;;China;Asia;
708;Yantai;;China;Asia;
709;Yanzhou;;China;Asia;
710;Yekaterinburg;;Russia;Europe;
711;Yinchuan;;China;Asia;
712;Yingkou;;China;Asia;
713;Yixing;;China;Asia;
714;Yongzhou;;China;Asia;
715;Yorktown Heights;New York;USA;North America;
716;Youngstown;Ohio;USA;North America;
717;Ypsilanti;Michigan;USA;North America;
718;Yunfu;;China;Asia;
719;Yunlin;;Taiwan;Asia;
720;Yuxi;;China;Asia;
721;Yuyao;;China;Asia;
722;Zermatt;;Switzerland;Europe;
723;Zhangjiagang;;China;Asia;
724;Zhaoyuan;;China;Asia;
725;Zhengzhou;;China;Asia;
726;Zhongshan;;China;Asia;
727;Zhuji;;China;Asia;
728;Zhuzhou;;China;Asia;
729;Zug;;Switzerland;Europe;
730;Zurich;;Switzerland;Europe;