ID_location;City;US_State;Country;Continent;latitude;longitude
1;A Coru√±a;;Spain;South America;43.3709703;-8.3959425
2;Aarhus;;Denmark;Europe;56.1496278;10.2134046
3;Aberdeen;;UK;Europe;57.1482429;-2.0928095
4;Aberdyfi;;UK;Europe;52.5451248;-4.0533624
5;Abu Dhabi;;United Arab Emirates;Asia;24.4538352;54.3774014
6;Adel;Iowa;USA;North America;41.6174123;-94.0185176
7;Afton;Wisconsin;USA;North America;44.9027452;-92.7835373
8;Ahmedabad;;India;Asia;23.0216238;72.5797068
9;Albany;;UK;Europe;51.509099449999994;-0.1386521716667123
10;Albuquerque;New Mexico;USA;North America;35.0841034;-106.650985
11;Alexandria;Virginia;USA;North America;38.8051095;-77.0470229
12;Algiers;;Algeria;Africa;36.7753606;3.0601882
13;Allendorf;;Germany;Europe;50.2679502;7.9982619
14;Almaty;;Kazakhstan;Asia;43.2363924;76.9457275
15;Alpine;New Jersey;USA;North America;38.5893934;-119.8345013
16;Amsterdam;;Netherlands;Europe;52.3730796;4.8924534
17;Ankara;;Turkey;Europe;39.7160439;32.7059948
18;Annapolis;Maryland;USA;North America;38.9786401;-76.492786
19;Anyang;;South Korea;Asia;37.3938528;126.9570605
20;Aspen;Colorado;USA;North America;39.1911128;-106.82356
21;Astana;;Kazakhstan;Asia;51.1282205;71.4306682
22;Athens;;Greece;Europe;37.9755648;23.7348324
23;Atherton;California;USA;North America;37.453773;-122.2058272
24;Atlanta;Georgia;USA;North America;33.7489924;-84.3902644
25;Auckland;;New Zealand;Australia;-36.852095;174.7631803
26;Audubon;Pennsylvania;USA;North America;41.670205;-94.9106526
27;Augsburg;;Germany;Europe;48.3690341;10.8979522
28;Aurangabad;;India;Asia;19.877263;75.3390241
29;Aurich;;Germany;Europe;53.51228535;7.391528412821689
30;Austin;Texas;USA;North America;30.2711286;-97.7436995
31;Baar;;Switzerland;Europe;47.1951976;8.5253985
32;Baarn;;Netherlands;Europe;52.2111503;5.293091
33;Bad Homburg;;Germany;Europe;50.2267699;8.6169093
34;Bal Harbour;Florida;USA;North America;29.5490715;-95.5220513
35;Bangalore;;India;Asia;12.9767936;77.590082
36;Bangkok;;Thailand;Asia;13.7524938;100.4935089
37;Baoding;;China;Asia;38.8579735;115.490696
38;Barcelona;;Spain;Europe;41.3828939;2.1774322
39;Baroda;;India;Asia;22.2973142;73.1942567
40;Basel;;Switzerland;Europe;47.5581077;7.5878261
41;Bassano del Grappa;;Italy;Europe;45.7669109;11.7343469
42;Bastad;;Sweden;Europe;56.4267895;12.8607151
43;Bat-Yam;;Israel;Asia;32.0154565;34.7505283
44;Baton Rouge;Louisiana;USA;North America;30.4494155;-91.1869659
45;Bedford;New York;USA;North America;40.0271453;-78.5237447
46;Beijing;;China;Asia;40.190632;116.412144
47;Beirut;;Lebanon;Asia;33.88922645;35.50255852895232
48;Beit Yanay;;Israel;Asia;32.381729;34.863507
49;Bellawongarah;;Australia;Australia;-34.7592151;150.6149612
50;Belle Vernon;Pennsylvania;USA;North America;40.1250725;-79.8664356
51;Belo Horizonte;;Brazil;South America;-19.9227318;-43.9450948
52;Belvedere;California;USA;North America;37.8663951;-122.462699
53;Bentonville;Arkansas;USA;North America;36.3728538;-94.2088172
54;Bergamo;;Italy;Europe;45.756655699999996;9.754219200862249
55;Berkeley;California;USA;North America;37.8708393;-122.272863
56;Berlin;;Germany;Europe;52.5170365;13.3888599
57;Bermuda;;Bermuda;North America;32.2937417;-64.7815286
58;Bethesda;Maryland;USA;North America;38.98127255;-77.12335871396549
59;Beverly Hills;California;USA;North America;34.0696501;-118.3963062
60;Bielefeld;;Germany;Europe;52.0191005;8.531007
61;Big Sky;Montana;USA;North America;45.255111;-111.26618953487102
62;Bikaner;;India;Asia;28.0159286;73.3171367
63;Billund;;Denmark;Europe;55.7247018;9.1195835
64;Bingham Farms;Michigan;USA;North America;42.515868;-83.2732643
65;Binningen;;Switzerland;Europe;47.53656;7.570077
66;Binzhou;;China;Asia;37.3821206;117.9647262
67;Birchwood;Wisconsin;USA;North America;45.6580886;-91.5561191
68;Birmingham;Michigan;USA;North America;33.5206824;-86.8024326
69;Blaricum;;Netherlands;Europe;52.281133749999995;5.29371090566366
70;Bloomfield Hills;Michigan;USA;North America;42.583645;-83.2454883
71;Bloomington;Indiana;USA;North America;39.1670396;-86.5342881
72;Bnei Atarot;;Israel;Asia;32.0235637;34.9118719
73;Bnei Brak;;Israel;Asia;32.0873899;34.8324376
74;Boca Raton;Florida;USA;North America;26.3586885;-80.0830984
75;Bogota;;Colombia;South America;4.6533816;-74.0836333
76;Bonita Springs;Florida;USA;North America;26.339806;-81.7786972
77;Boston;Massachusetts;USA;North America;42.3554334;-71.060511
78;Boucherville;;Canada;North America;45.6050197;-73.4526144
79;Bovenden;;Germany;Europe;51.5869442;9.9265526
80;Bozeman;Montana;USA;North America;45.6794293;-111.044047
81;Branford;Connecticut;USA;North America;41.2795414;-72.8150989
82;Bratislava;;Slovakia;Europe;48.15926025;17.139658691421687
83;Brescia;;Italy;Europe;45.77958045;10.4258729694612
84;Brisbane;;Australia;Australia;-27.4689682;153.0234991
85;Bristol;;UK;Europe;51.4538022;-2.5972985
86;Brookline;Massachusetts;USA;North America;42.3329021;-71.1187421
87;Brookville;Ohio;USA;North America;40.8131553;-73.5673482
88;Brownsville;Texas;USA;North America;25.9024289;-97.4981698
89;Bruchsal;;Germany;Europe;49.124118;8.5980244
90;Brunswick;;Germany;Europe;52.2646577;10.5236066
91;Brusque;;Brazil;South America;-27.0964628;-48.9136323
92;Brussels;;Italy;Europe;50.8435664;4.3840783
93;Bryn Mawr;Pennsylvania;USA;North America;40.0238245;-75.31734069085473
94;Bucharest;;Romania;Europe;44.4361414;26.1027202
95;Budapest;;Hungary;Europe;47.48138955;19.14609412691246
96;Buenos Aires;;Argentina;South America;-34.6037181;-58.38153
97;Burgdorf;;Switzerland;Europe;47.0571316;7.6237466
98;Burlington;;Canada;North America;43.3248924;-79.7966835
99;Busan;;South Korea;Asia;35.1799528;129.0752365
100;Cairo;;Egypt;Africa;30.0443879;31.2357257
101;Camas;Washington;USA;North America;43.4064019;-114.8070143
102;Campodoro;;Italy;Europe;45.490294;11.752004
103;Campos do Jordao;;Brazil;South America;-22.6929855;-45.51849179778157
104;Canberra;;Australia;Australia;-35.2975906;149.1012676
105;Cape Town;;South Africa;Africa;-33.928992;18.417396
106;Cardiff;;UK;Europe;51.4816546;-3.1791934
107;Carmel;Indiana;USA;North America;39.9784186;-86.1283681
108;Cary;North Carolina;USA;North America;35.7882893;-78.7812081
109;Casablanca;;Morocco;Africa;33.5945144;-7.6200284
110;Cataguazes;;Brazil;South America;-23.5068225;-46.3880212
111;Cesena;;Italy;Europe;44.136352;12.2422442
112;Chang Hwa County;;Taiwan;Asia;25.035002;121.37255932385222
113;Changchun;;China;Asia;43.8844201;125.3180998
114;Changsha;;China;Asia;28.1450774;113.2384362
115;Changshu;;China;Asia;31.6572954;120.7480757
116;Changzhou;;China;Asia;31.8122623;119.9691539
117;Chaozhou;;China;Asia;23.656593;116.6204223
118;Charleston;South Carolina;USA;North America;32.7884363;-79.9399309
119;Charlotte;North Carolina;USA;North America;35.2272086;-80.8430827
120;Chattanooga;Tennessee;USA;North America;35.0457219;-85.3094883
121;Chengdu;;China;Asia;30.7001324;104.0708278
122;Chennai;;India;Asia;13.0836939;80.270186
123;Cheongju;;South Korea;Asia;36.6421169;127.4891742
124;Chestnut Hill;Massachusetts;USA;North America;42.3306529;-71.1661647
125;Chevy Chase;Maryland;USA;North America;38.9942121;-77.0771572
126;Chiba;;Japan;Asia;35.549399;140.2647303
127;Chicago;Illinois;USA;North America;41.8755616;-87.6244212
128;Chongqing;;China;Asia;30.05518;107.8748712
129;Cieszyn;;Poland;Europe;49.7557676;18.65623134091032
130;Cincinnati;Ohio;USA;North America;39.1014537;-84.5124602
131;Cisco;Texas;USA;North America;32.3828077;-98.9797165
132;Clearwater;Florida;USA;North America;27.9658533;-82.8001026
133;Cleveland;Ohio;USA;North America;41.4996574;-81.6936772
134;Coatesville;Pennsylvania;USA;North America;39.9831616;-75.8238355
135;Coconut Grove;Florida;USA;North America;25.7126013;-80.2569947
136;Cologne;;Germany;Europe;50.938361;6.959974
137;Como;;Italy;Europe;45.939475900000005;9.149410132545793
138;Concord;Massachusetts;USA;North America;43.207178;-71.537476
139;Copenhagen;;Denmark;Europe;55.6867243;12.5700724
140;Coral Gables;Florida;USA;North America;25.7331105;-80.2585107
141;Crans Montana;;Switzerland;Europe;46.3304899;7.526435803722132
142;Crocetta del Montello;;Italy;Europe;45.8339959;12.0323268
143;Croton-on-Hudson;New York;USA;North America;41.2088215;-73.8905175
144;Cupertino;California;USA;North America;37.3228934;-122.0322895
145;Curitiba;;Brazil;South America;-25.4295963;-49.2712724
146;Cut Off;Louisiana;USA;North America;29.513768;-90.32390923113208
147;Dallas;Texas;USA;North America;32.7762719;-96.7968559
148;Danyang;;China;Asia;32.0109736;119.6012702
149;Dar es Salaam;;Tanzania;Africa;-6.8160837;39.2803583
150;Darien;Connecticut;USA;North America;41.0787079;-73.4692873
151;Darmstadt;;Germany;Europe;49.8851869;8.6736295
152;Davos;;Switzerland;Europe;46.796198;9.8236892
153;Daye;;China;Asia;30.0985567;114.9748074
154;Daytona Beach;Florida;USA;North America;29.2108147;-81.0228331
155;Deinze;;Belgium;Europe;50.9840526;3.5274017
156;Delhi;;India;Asia;28.6273928;77.1716954
157;Delray Beach;Florida;USA;North America;26.4614625;-80.0728201
158;Denver;Colorado;USA;North America;39.7392364;-104.984862
159;Detmold;;Germany;Europe;51.936284;8.8791526
160;Dnipro;;Ukraine;Europe;48.4680221;35.0417711
161;Doha;;Qatar;Asia;25.2856329;51.5264162
162;Donetsk;;Ukraine;Europe;48.0158753;37.8013407
163;Dongguan;;China;Asia;23.0205969;113.7457788
164;Dubai;;United Arab Emirates;Asia;25.2653471;55.2924914
165;Dublin;;Ireland;Europe;53.3493795;-6.2605593
166;Duderstadt;;Germany;Europe;51.5123672;10.2610699
167;Duluth;Georgia;USA;North America;46.7729322;-92.1251218
168;Durham;;UK;Europe;54.666667;-1.75
169;Dusseldorf;;Germany;Europe;51.2254018;6.7763137
170;East Aurora;New York;USA;North America;42.7689141;-78.6177611
171;East Hampton;New York;USA;North America;40.9633868;-72.1847598
172;East Setauket;New York;USA;North America;40.920966;-73.093714
173;Easton;Pennsylvania;USA;North America;40.6916081;-75.2099866
174;Edmond;Oklahoma;USA;North America;35.6571367;-97.4649038
175;Edmonton;;Canada;North America;53.5462055;-113.491241
176;Eindhoven;;Netherlands;Europe;51.4392648;5.478633
177;El Cerrito;California;USA;North America;33.8410146;-117.52079778811958
178;El Paso;Texas;USA;North America;31.7550511;-106.488234
179;Electra;Texas;USA;North America;34.0320855;-98.9163686
180;Elizabeth;Colorado;USA;North America;40.6639916;-74.2107006
181;Englewood;Colorado;USA;North America;39.6482059;-104.9879641
182;Erie;Pennsylvania;USA;North America;42.1294712;-80.0852695
183;Ernakulam;;India;Asia;9.98408;76.2741457
184;Espelkamp;;Germany;Europe;52.3778041;8.6157377
185;Esporles;;Spain;Europe;39.6692405;2.5775624
186;Eusebio;;Brazil;South America;-3.8889838;-38.4546585
187;Ezulwini;;Eswatini;Africa;-26.4018193;31.178316
188;Far Hills;New Jersey;USA;North America;40.684268;-74.6357148
189;Faridabad;;India;Asia;28.4031478;77.3105561
190;Farmington Hills;Michigan;USA;North America;42.4853125;-83.3771553
191;Fayetteville;Arkansas;USA;North America;36.0625843;-94.1574328
192;Felcsut;;Hungary;Europe;47.4545349;18.5862386
193;Feldmeilen;;Switzerland;Europe;47.2791676;8.6207481
194;Fiesole;;Italy;Europe;43.8066689;11.2930735
195;Fisher Island;Florida;USA;North America;25.7598373;-80.14003652640545
196;Florianopolis;;Brazil;South America;-27.5973002;-48.5496098
197;Fort Collins;Colorado;USA;North America;40.5871782;-105.0770113
198;Fort Lauderdale;Florida;USA;North America;26.1223084;-80.1433786
199;Fort Worth;Texas;USA;North America;32.753177;-97.3327459
200;Fortaleza;;Brazil;South America;-3.7304512;-38.5217989
201;Foshan;;China;Asia;23.0499845;113.0983795
202;Frankfurt am Main;;Germany;Europe;50.1106444;8.6820917
203;Franklin;Tennessee;USA;North America;33.2002659;-95.2231752
204;Fukuoka;;Japan;Asia;33.6251241;130.6180016
205;Fuqing;;China;Asia;25.6301525;119.3756376
206;Fuschl am See;;Austria;Europe;47.7963895;13.3027787
207;Fushun;;China;Asia;41.8011658;124.7459491
208;Fuzhou;;China;Asia;27.502232;116.415177
209;Gallatin;Tennessee;USA;North America;37.7509507;-88.2264519
210;Gaomi;;China;Asia;36.3654065;119.8005385
211;Geneva;;Switzerland;Europe;46.2017559;6.1466014
212;Glencoe;Illinois;USA;North America;42.1350268;-87.7581188
213;Glendora;California;USA;North America;34.1361187;-117.865339
214;Gloucestershire;;UK;Europe;51.8333313;-2.1666674
215;Gold Coast;;Australia;Australia;-28.0023731;153.4145987
216;Gorinchem;;Netherlands;Europe;51.8421872;4.974600467260094
219;Gothenburg;;Sweden;Europe;57.7072326;11.9670171
220;Grand Cayman;;Cayman Islands;North America;19.32984715;-81.17122162349
221;Grand Rapids;Michigan;USA;North America;42.9632425;-85.6678639
222;Graz;;Austria;Europe;47.0708678;15.4382786
223;Grebenhain;;Germany;Europe;50.4964493;9.3254613
224;Greenwich;Connecticut;USA;North America;41.0264862;-73.6284598
225;Grijo;;Portugal;Europe;41.5027019;-6.9761157
226;Gstaad;;Switzerland;Europe;46.4761004;7.2873587
227;Guangzhou;;China;Asia;23.1301964;113.2592945
228;Gurgaon;;India;Asia;28.4646148;77.0299194
229;Haiger;;Germany;Europe;50.7420214;8.2039451
230;Haikou;;China;Asia;20.0462328;110.1956502
231;Hamburg;;Germany;Europe;53.550341;10.000654
232;Hangzhou;;China;Asia;30.2489634;120.2052342
233;Hanoi;;Vietnam;Asia;21.0283334;105.854041
234;Haridwar;;India;Asia;29.9384473;78.1452985
235;Hattiesburg;Mississippi;USA;North America;31.3271189;-89.2903392
236;Haverford;Pennsylvania;USA;North America;40.0131672;-75.2943516
237;Hefei;;China;Asia;31.8665676;117.281428
238;Heidelberg;;Germany;Europe;49.4093582;8.694724
239;Helsingborg;;Sweden;Europe;56.0442098;12.703706
240;Helsinki;;Finland;Europe;60.1674881;24.9427473
241;Henderson;Nevada;USA;North America;32.182598;-95.7893178
242;Hengshui;;China;Asia;37.7364305;115.6677229
243;Hertfordshire;;UK;Europe;51.840052299999996;-0.09785519224523963
244;Herzliya;;Israel;Asia;32.1676842;34.83082794429146
245;Herzogenaurach;;Germany;Europe;49.5710376;10.8815262
246;Highland Park;Illinois;USA;North America;32.8334607;-96.7919454
247;Hillsboro;Oregon;USA;North America;45.5228939;-122.989827
248;Hillsborough;California;USA;North America;27.9184543;-82.3488057
249;Hisar;;India;Asia;29.080640950000003;75.788754109493
250;Ho Chi Minh City;;Vietnam;Asia;10.7763897;106.7011391
251;Hobe Sound;Florida;USA;North America;27.080492;-80.13991799627857
252;Hohhot;;China;Asia;40.8337963;111.6730788
253;Hokkaido;;Japan;Asia;43.4519831;142.8197834
254;Holzminden;;Germany;Europe;51.8989989;9.5741099
255;Hong Kong;;China;Asia;22.350627;114.1849161
256;Honolulu;Hawaii;USA;North America;21.304547;-157.855676
257;Houston;Texas;USA;North America;29.7589382;-95.3676974
258;Hsinchu;;Taiwan;Asia;24.8066333;120.9686833
259;Huaibei city;;China;Asia;33.9540078;116.79855841870967
260;Huizhou;;China;Asia;23.1125153;114.4127007
261;Humlebaek;;Denmark;Europe;55.9618789;12.5305462
262;Hunts Point;Washington;USA;North America;47.6434321;-122.230124
263;Hurden;;Switzerland;Europe;47.2142501;8.8043485
264;Huzhou;;China;Asia;30.8942995;120.0851114
265;Hyderabad;;India;Asia;17.360589;78.4740613
266;Idaho Falls;Idaho;USA;North America;43.4887907;-112.03628
267;Incline Village;Nevada;USA;North America;39.2501246;-119.951909
268;Indian Creek;Florida;USA;North America;42.2269684;-87.9797968
269;Indian Hills;Colorado;USA;North America;38.2725704;-85.6627394
270;Indianapolis;Indiana;USA;North America;39.7683331;-86.1583502
271;Irkutsk;;Russia;Europe;56.6370122;104.719221
272;Irvine;California;USA;North America;33.6856969;-117.825981
273;Islamorada;Florida;USA;North America;24.9236561;-80.6291479
274;Isle of Man;;UK;Europe;54.447864;-1.317728904918189
275;Istanbul;;Turkey;Asia;41.006381;28.9758715
276;Jackson;Wyoming;USA;North America;32.2998686;-90.1830408
277;Jacksonville;Florida;USA;North America;30.3321838;-81.655651
278;Jaipur;;India;Asia;26.9154576;75.8189817
279;Jakarta;;Indonesia;Asia;-6.175247;106.8270488
280;Jiangyin;;China;Asia;31.9215518;120.2808847
281;Jiaozuo;;China;Asia;35.1375;113.143889
282;Jiaxing;;China;Asia;30.7474425;120.7510971
283;Jinhua;;China;Asia;29.1080344;119.6486487
284;Jinjiang;;China;Asia;30.6013439;104.1143806
285;Johannesburg;;South Africa;Africa;-26.205;28.049722
286;Joinville;;Brazil;South America;-26.3044898;-48.8486726
287;Jona;;Switzerland;Europe;47.2299661;8.837658
288;Jupiter;Florida;USA;North America;26.9342246;-80.0942087
289;Kaliningrad;;Russia;Europe;54.710128;20.5105838
290;Kanton Schwyz;;Switzerland;Europe;47.0571976;8.7222073
291;Kaohsiung;;Taiwan;Asia;22.6203348;120.3120375
292;Karlstad;;Sweden;Europe;59.3809146;13.5027631
293;Kathmandu;;Nepal;Asia;27.708317;85.3205817
294;Katonah;New York;USA;North America;41.25877;-73.6853852
295;Kauai;Hawaii;USA;North America;22.050466550000003;-159.55876775017003
296;Kazan;;Russia;Europe;55.7823547;49.1242266
297;Kearney;Nebraska;USA;North America;40.4906216;-98.9472344
298;Kent;;UK;Europe;51.20707485;0.7210361813401444
299;Key Largo;Florida;USA;North America;25.167201;-80.37424856462349
300;Key West;Florida;USA;North America;24.5548262;-81.8020722
301;Kfar Shmaryahu;;Israel;Asia;32.1853666;34.8197755
302;Kielce;;Poland;Europe;50.85402845;20.60991568734511
303;Kiev;;Ukraine;Europe;50.4500336;30.5241361
304;Kingscourt;;Ireland;Europe;53.9080467;-6.8054428
305;Kirkkonummi;;Finland;Europe;60.1227857;24.4406694
306;Kitzbuhel;;Germany;Europe;49.682642099999995;8.621814179873127
307;Knoxville;Tennessee;USA;North America;35.9603948;-83.9210261
308;Koenigstein;;Germany;Europe;50.1818833;8.465271
309;Kohler;Wisconsin;USA;North America;43.7391616;-87.7817541
310;Kolkata;;India;Asia;22.5726459;88.3638953
311;Konstancin;;Poland;Europe;52.0941864;19.3486177
312;Kottayam;;India;Asia;9.591564;76.5221599
313;Krasnodar;;Russia;Europe;45.0351532;38.9772396
314;Krefeld;;Germany;Europe;51.3331205;6.5623343
315;Krotoszyn,;;Poland;Europe;51.695926;17.4374158
316;Kuala Lumpur;;Malaysia;Asia;3.1516964;101.6942371
317;Kudus;;Indonesia;Asia;-8.0335973;113.2662242
318;Kuenzelsau;;Germany;Europe;49.2803765;9.6901512
319;Kusnacht;;Switzerland;Europe;47.3176276;8.5830859
320;Kverva;;Norway;Europe;63.7054863;8.529964
321;Kyoto;;Japan;Asia;35.021041;135.7556075
322;La Coruna;;Spain;Europe;43.3709703;-8.3959425
323;La Jolla;California;USA;North America;32.8401623;-117.2740777
324;Lagos;;Nigeria;Africa;6.4550575;3.3941795
325;Laguna Beach;California;USA;North America;33.5426975;-117.785366
326;Laizhou;;China;Asia;37.1773133;119.9370943
327;Lake Worth;Florida;USA;North America;32.8048507;-97.44502
328;Lakeland;Florida;USA;North America;28.0394654;-81.9498042
329;Lanai;Hawaii;USA;North America;20.830544099999997;-156.9029492509114
330;Landsberg;;Germany;Europe;48.0497474;10.8768728
331;Langfang;;China;Asia;39.5302055;116.6926134
332;Lanzhou;;China;Asia;36.474436;103.733224
333;Larchmont;New York;USA;North America;40.9278769;-73.7517983
334;Las Vegas;Nevada;USA;North America;36.1672559;-115.148516
335;Lausanne;;Switzerland;Europe;46.5218269;6.6327025
336;Laval;;France;Europe;48.0706687;-0.7734022
337;Leawood;Kansas;USA;North America;38.966673;-94.6169012
338;Leicester;;UK;Europe;52.6362;-1.1331969
339;Leipzig;;Germany;Europe;51.3406321;12.3747329
340;Lexington;Kentucky;USA;North America;38.0464066;-84.4970393
341;Lexington;Massachusetts;USA;North America;38.0464066;-84.4970393
342;Lianyungang;;China;Asia;34.5933134;119.2171662
343;Liaocheng;;China;Asia;36.4441808;115.9642007
344;Liaoyang;;China;Asia;41.2742898;123.1695757
345;Liberty;New York;USA;North America;30.0856736;-94.7856262
346;Liestal;;Switzerland;Europe;47.4839723;7.7347783
347;Lighthouse Point;Florida;USA;North America;26.27787305;-80.08896651356972
348;Lille;;France;Europe;50.6365654;3.0635282
349;Lima;;Peru;South America;-12.0621065;-77.0365256
350;Limassol;;Cyprus;Europe;34.6852901;33.0332657
351;Linhai;;China;Asia;28.8616886;121.1402223
352;Linyi;;China;Asia;35.1032403;118.3506988
353;Lipperswil;;Switzerland;Europe;47.6158599;9.0562291
354;Little Jackson Hole;Wyoming;USA;North America;43.582767;-110.821999
355;Little Rock;Arkansas;USA;North America;34.7465071;-92.2896267
356;Livingston;Montana;USA;North America;40.8682487;-88.5631125
357;Locust Valley;New York;USA;North America;40.8757712;-73.5971927
358;London;;UK;Europe;51.5074456;-0.1277653
359;Longkou;;China;Asia;37.6443474;120.4708629
360;Los Altos;California;USA;North America;37.3790629;-122.116578
361;Los Angeles;California;USA;North America;34.0536909;-118.242766
362;Luancheng;;China;Asia;37.8845246;114.6519713
363;Lucerne;;Switzerland;Europe;47.0505452;8.3054682
364;Lugano;;Switzerland;Europe;46.0050102;8.9520281
365;Luohe;;China;Asia;33.688056;113.913056
366;Lutherville-Timonium;Maryland;USA;North America;39.423629950000006;-76.62091509974786
367;Lyon;;France;Europe;45.7578137;4.8320114
368;Madison;Wisconsin;USA;North America;43.074761;-89.3837613
369;Madrid;;Spain;Europe;40.4167047;-3.7035825
370;Magnitogorsk;;Russia;Europe;53.42568665;59.050732193093054
371;Mainz;;Germany;Europe;50.0012314;8.2762513
372;Makati;;Philippines;Asia;14.5567949;121.0211226
373;Malibu;California;USA;North America;34.035591;-118.689423
374;Manalapan;Florida;USA;North America;40.2852895;-74.333495
375;Manama;;Bahrain;Asia;26.2235041;50.5822436
376;Manantiales;;Uruguay;South America;-34.9059095;-54.8238616
377;Manaus;;Brazil;South America;-3.1316333;-59.9825041
378;Manila;;Philippines;Asia;14.5906346;120.9799964
379;Mankato;Minnesota;USA;North America;44.1634663;-93.9993505
380;Marbella;;Spain;Europe;36.508976;-4.88562
381;Marburg;;Germany;Europe;50.8090106;8.7704695
382;Marin County;California;USA;North America;38.0409144;-122.6199638
383;Marina Del Rey;California;USA;North America;33.9776848;-118.448647
384;Martigny;;Switzerland;Europe;46.103115;7.0727354
385;Matadepera;;Spain;Europe;41.6012311;2.0275199
386;McLean;Virginia;USA;North America;40.4631789;-88.8196613
387;Medina;Washington;USA;North America;29.2836281;-99.1126826
388;Meishan;;China;Asia;29.9866838;103.7790009
389;Melbourne;;Australia;Australia;-37.8142454;144.9631732
390;Melsungen;;Germany;Europe;51.1425944;9.5833158
391;Menlo Park;California;USA;North America;37.4519671;-122.177992
392;Mercer Island;Washington;USA;North America;47.5766324;-122.2276378
393;Merseyside;;UK;Europe;53.4953602;-2.973937960086006
394;Mevaseret Zion;;Israel;Asia;31.8057198;35.152731
395;Mexico City;;Mexico;North America;19.4326296;-99.1331785
396;Miami;Florida;USA;North America;25.7741728;-80.19362
397;Miami Beach;Florida;USA;North America;25.7929198;-80.1353006
398;Miamisburg;Ohio;USA;North America;39.6428362;-84.2866083
399;Milan;;Italy;Europe;45.4641943;9.1896346
400;Millburn;New Jersey;USA;North America;40.7244443;-74.3069069
401;Millersville;Maryland;USA;North America;35.3038485;-118.4578633
402;Milton;Massachusetts;USA;North America;30.6324149;-87.0396881
403;Missoula;Montana;USA;North America;46.8701049;-113.995267
404;Modena;;Italy;Europe;44.5384728;10.935960870530739
405;Monaco;;Monaco;Europe;43.7323492;7.4276832
406;Monsey;New York;USA;North America;41.1112069;-74.0684751
407;Montabaur;;Germany;Europe;50.4362219;7.8302494
408;Montagnola;;Switzerland;Europe;45.9829744;8.9184373
409;Monte Carlo;;Monaco;Europe;43.7402961;7.426559
410;Monte Vista;California;USA;North America;37.5816182;-106.1496731
411;Montecito;California;USA;North America;34.4366626;-119.6320753
412;Montpellier;;France;Europe;43.6112422;3.8767337
413;Montreal;;Canada;North America;45.5031824;-73.5698065
414;Moscow;;Russia;Europe;55.7505412;37.6174782
415;Mount Kisco;New York;USA;North America;41.2042616;-73.7270761
416;Mumbai;;India;Asia;18.9733536;72.82810491917377
417;Munich;;Germany;Europe;48.1371079;11.5753822
418;Murmansk;;Russia;Europe;68.970665;33.07497
419;Muscat;;Oman;Asia;23.61515;58.5912467
420;Nanjing;;China;Asia;32.0438284;118.7788631
421;Nanping;;China;Asia;18.586349;109.9098642
422;Nantes;;France;Europe;47.2186371;-1.5541362
423;Nantong;;China;Asia;31.9827896;120.8904588
424;Nanyang;;China;Asia;35.0947913;116.6666407
425;Naples;Florida;USA;North America;26.1421976;-81.7942944
426;Nashville;Tennessee;USA;North America;36.1622767;-86.7742984
427;Neckarsulm;;Germany;Europe;49.191133;9.2248391
428;Necker Island;;British Virgin Islands;North America;18.526598200000002;-64.35835805619485
429;Netanya;;Israel;Asia;32.30402725;34.86201337217975
430;Neustadt an der Waldnaab;;Germany;Europe;49.7314121;12.1732938
431;New Albany;Ohio;USA;North America;38.2856247;-85.8241312
432;New Delhi;;India;Asia;28.6138954;77.2090057
433;New Orleans;Louisiana;USA;North America;29.9759983;-90.0782127
434;New South Wales;;Australia;Australia;-31.8759835;147.2869493
435;New York City;New York;USA;North America;40.7127281;-74.0060152
436;Newmarket;;UK;Europe;52.2443103;0.4065503
437;Newport Beach;California;USA;North America;33.6170092;-117.9294401
438;Newport Coast;California;USA;North America;33.5963719;-117.826821
439;Newton;Massachusetts;USA;North America;30.8118989;-93.740504
440;Nicasio;California;USA;North America;38.0615885;-122.6985975
441;Ningbo;;China;Asia;29.8622194;121.6203873
442;Ningde;;China;Asia;26.6695006;119.5432715
443;North Palm Beach;Florida;USA;North America;26.8237944;-80.05592659756701
444;North Salem;New York;USA;North America;41.3348169;-73.5712374
445;North York;;Canada;North America;43.7543311;-79.449109096412
446;Norwich;;UK;Europe;52.6285576;1.2923954
447;Nottinghamshire;;UK;Europe;53.1459288;-1.0214971168122484
448;Oak Brook;Illinois;USA;North America;41.8328085;-87.9289504
449;Oakville;;Canada;North America;43.447436;-79.666672
450;Ohningen;;Germany;Europe;47.6617131;8.8873571
451;Oklahoma City;Oklahoma;USA;North America;35.4729886;-97.5170536
452;Old Lyme;Connecticut;USA;North America;41.3159315;-72.3289715
453;Omaha;Nebraska;USA;North America;41.2587459;-95.9383758
454;Ormond Beach;Florida;USA;North America;29.2854132;-81.0557921
455;Orono;Minnesota;USA;North America;44.883607;-68.672791
456;Osaka;;Japan;Asia;34.7021912;135.4955866
457;Oslo;;Norway;Europe;59.9133301;10.7389701
458;Ottawa;;Canada;North America;45.4208777;-75.6901106
459;Oviedo;;Spain;Europe;43.3618625;-5.8483581
460;Oyster Bay;New York;USA;North America;40.7696568;-73.49986083708588
461;Pacific Palisades;California;USA;North America;34.0480643;-118.5264706
462;Palisades;New York;USA;North America;41.0111793;-73.91346
463;Palm Beach;Florida;USA;North America;26.6279798;-80.4494174
464;Palma de Majorca;;Spain;Europe;39.56939;2.65024
465;Palo Alto;California;USA;North America;37.4443293;-122.1598465
466;Panzhihua;;China;Asia;26.5860102;101.7179276
467;Paradise Island;;Bahamas;Australia;25.08335515;-77.3063341678734
468;Paradise Valley;Arizona;USA;North America;33.5428006;-111.9556001
469;Paris;;France;Europe;48.8534951;2.3483915
470;Park City;Utah;USA;North America;40.6460921;-111.4979963
471;Passau;;Germany;Europe;48.5748229;13.4609744
472;Perth;;Australia;Australia;-31.9558933;115.8605855
473;Petaling Jaya;;Malaysia;Asia;3.0988792;101.6454202
474;Philadelphia;Pennsylvania;USA;North America;39.9527237;-75.1635262
475;Phnom Penh;;Cambodia;Asia;11.568271;104.9224426
476;Phoenix;Arizona;USA;North America;33.4484367;-112.074141
477;Pittsburgh;Pennsylvania;USA;North America;40.4416941;-79.9900861
478;Plantation;Florida;USA;North America;27.0637262;-82.3651631
479;Pleasanton;California;USA;North America;37.6624312;-121.8746789
480;Plymouth;Minnesota;USA;North America;42.7369124;-96.2213607
481;Ponzano Veneto;;Italy;Europe;45.723851;12.194218
482;Port Washington;New York;USA;North America;40.8257072;-73.6958069
483;Portage;Michigan;USA;North America;41.1496775;-81.2082
484;Portland;Oregon;USA;North America;45.5202471;-122.674194
485;Porto Alegre;;Brazil;South America;-30.0324999;-51.2303767
486;Portola Valley;California;USA;North America;37.3736298;-122.219047
487;Potomac;Maryland;USA;North America;39.017936;-77.2094542
488;Prague;;Czech Republic;Europe;50.0874654;14.4212535
489;Princeton;New New Jersey;USA;North America;40.3496953;-74.6597376
490;Providence;Rhode Island;USA;North America;41.8239891;-71.4128343
491;Provo;Utah;USA;North America;40.2337289;-111.6587085
492;Pujols;;France;Europe;44.8082356;-0.0312502
493;Pune;;India;Asia;18.521428;73.8544541
494;Putian;;China;Asia;25.3538682;119.0570588
495;Qingdao;;China;Asia;36.0637967;120.3192081
496;Qinhuangdao;;China;Asia;39.9395724;119.5894129
497;Quanzhou;;China;Asia;25.1901863;118.338717
498;Quzhou;;China;Asia;36.7698986;114.9585243
499;Racine;Wisconsin;USA;North America;42.7260523;-87.7825242
500;Raleigh;North Carolina;USA;North America;35.7803977;-78.6390989
501;Rancho Santa Fe;California;USA;North America;33.024231400000005;-117.19797812499999
502;Rechterfeld;;Germany;Europe;52.8422565;8.3847971
503;Redding;California;USA;North America;40.5863563;-122.391675
504;Redlands;California;USA;North America;34.0550328;-117.1827445
505;Redwood City;California;USA;North America;37.4863239;-122.232523
506;Rennes;;France ;Europe;48.1113387;-1.6800198
507;Reno;Nevada;USA;North America;39.5261206;-119.8126581
508;Rheda-Wiedenbruck;;Germany;Europe;51.8428202;8.2985615
509;Rheinfelden;;Switzerland;Europe;47.5543859;7.7922905
510;Rhinebeck;New York;USA;North America;41.9267604;-73.912763
511;Rio de Janeiro;;Brazil;South America;-22.9110137;-43.2093727
512;Rochester;New York;USA;North America;43.157285;-77.615214
513;Rolling Hills;California;USA;North America;33.7668041;-118.3496623
514;Rome;;Italy;Europe;41.8933203;12.4829321
515;Rostov-on-Don;;Russia;Europe;47.2216548;39.7096061
516;Rottendorf;;Germany;Europe;49.7913804;10.0246112
517;Ruschlikon;;Switzerland;Europe;47.307465;8.5546421
518;Ruzhou;;China;Asia;34.1678145;112.8392579
519;Rye;New York;USA;North America;40.9808209;-73.684294
520;Saddle River;New Jersey;USA;North America;41.0317637;-74.1020866
521;Sag Harbor;New York;USA;North America;40.9978727;-72.2922292
522;Sagaponack;New York;USA;North America;40.9253776;-72.2781375
523;Saint John;;Canada;North America;45.2787992;-66.0585188
524;Saint Petersburg;Florida;USA;North America;27.7700475;-82.6359078
525;Saint Petersburg;;Russia;Europe;59.9606739;30.1586551
526;Saint-Emilion;;France;Europe;44.8931452;-0.1560662
527;Saitama;;Japan;Asia;35.9754168;139.4160114
528;Salt Lake City;Utah;USA;North America;40.7596198;-111.886797
529;San Anselmo;California;USA;North America;37.9744323;-122.561503
530;San Antonio;Texas;USA;North America;29.4246002;-98.4951405
531;San Carlos;California;USA;North America;37.504936;-122.261823
532;San Diego;California;USA;North America;32.7174202;-117.162772
533;San Francisco;California;USA;North America;37.7792588;-122.4193286
534;San Jose;California;USA;North America;37.3361663;-121.890591
535;San Juan Islands;Washington;USA;North America;57.2870602;-134.00490622741472
536;San Mateo;California;USA;North America;37.496904;-122.3330573
537;Sands Point;New York;USA;North America;40.8517669;-73.718742
538;Sant Elpidio A Mare;;Italy;Europe;43.2347405;13.6878517
539;Santa Barbara;California;USA;North America;34.4221319;-119.702667
540;Santa Clara;California;USA;North America;37.2333253;-121.6846349
541;Santa Cruz;California;USA;North America;37.050096;-121.99059
542;Santa Monica;California;USA;North America;34.0194704;-118.491227
543;Santiago;;Chile;South America;-33.4377756;-70.6504502
544;Santo Andre;;Brazil;South America;-23.6533509;-46.5279039
545;Sao Jose dos Pinhais;;Brazil;South America;-25.533816;-49.2072163
546;Sao Paulo;;Brazil;South America;-23.5506507;-46.6333824
547;Sarasota;Florida;USA;North America;27.3365805;-82.5308545
548;Saratoga;California;USA;North America;43.0833231;-73.8712155
549;Scarborough;Maine;USA;North America;43.5901655;-70.334505
550;Schindellegi;;Switzerland;Europe;47.175612;8.7112027
551;Schwieberdingen;;Germany;Europe;48.8749991;9.0778484
552;Scottsdale;Arizona;USA;North America;33.4942189;-111.926018
553;Seattle;Washington;USA;North America;47.6038321;-122.330062
554;Selangor;;Malaysia;Asia;3.2083304;101.304146
555;Seoul;;South Korea;Asia;37.5666791;126.9782914
556;Sewickley;Pennsylvania;USA;North America;40.5403417;-80.1805269
557;Shanghai;;China;Asia;31.2312707;121.4700152
558;Shangyu;;China;Asia;30.0357;120.8640628
559;Shantou;;China;Asia;23.3563921;116.6775856
560;Shaoxing;;China;Asia;29.9992425;120.576854
561;Shelburne;Vermont;USA;North America;44.3783486;-73.2276183
562;Shenyang;;China;Asia;41.8026095;123.4279105
563;Shenzhen;;China;Asia;22.5445741;114.0545429
564;Shijiazhuang;;China;Asia;38.0429742;114.5088385
565;Short Hills;New Jersey;USA;North America;40.7478786;-74.3254271
566;Shunde;;China;Asia;22.8073913;113.2883085
567;Singapore;;Singapore;Asia;1.357107;103.8194992
568;Sioux Falls;Dakota;USA;North America;43.5476008;-96.7293629
569;Solomeo;;Italy;Europe;43.0830922;12.2772146
570;Southampton;New York;USA;North America;36.6959378;-77.1586002
571;Spilamberto;;Italy;Europe;44.533413;11.0240826
572;Springdale;Arkansas;USA;North America;36.1867442;-94.1288142
573;Springfield;Illinois;USA;North America;39.7990175;-89.6439575
574;St. Brelade;;UK;Europe;51.0360941;-1.5839227950753034
575;St. Gallen;;Switzerland;Europe;47.425618;9.3762397
576;St. Louis;Missouri;USA;North America;38.6280278;-90.1910154
577;St. Paul;Minnesota;USA;North America;37.517132000000004;-95.17604240058537
578;St. Peter Port;;Guernsey;Europe;49.4568142;-2.5389979
579;St. Wendel;;Germany;Europe;49.4787585;7.072434727256018
580;Steamboat Springs;Colorado;USA;North America;40.4848003;-106.831735
581;Stellenbosch;;South Africa;Africa;-33.934444;18.869167
582;Stockholm;;Sweden;Europe;59.3251172;18.0710935
583;Stoke-on-Trent;;UK;Europe;53.0162014;-2.1812607
584;Straelen;;Germany;Europe;51.4439341;6.2694388
585;Stuttgart;;Germany;Europe;48.7784485;9.1800132
586;Sugar Land;Texas;USA;North America;29.6196787;-95.6349463
587;Suqian;;China;Asia;33.9644701;118.2696994
588;Surabaya;;Indonesia;Asia;-7.2459717;112.7378266
589;Surfers Paradise;;Australia;Australia;-27.9989899;153.42398
590;Surgut;;Russia;Europe;61.254032;73.3964
591;Surrey;;UK;Europe;51.2715316;-0.3414523511290909
592;Suzhou;;China;Asia;31.3016935;120.5810725
593;Sydney;;Australia;Australia;-33.8698439;151.2082848
594;Taichung;;Taiwan;Asia;24.163162;120.6478282
595;Tainan;;Taiwan;Asia;22.9912348;120.184982
596;Taipei;;Taiwan;Asia;25.0375198;121.5636796
597;Taixing;;China;Asia;32.1738588;120.0466771
598;Taizhou;;China;Asia;28.6581723;121.4163876
599;Tampa;Florida;USA;North America;27.9477595;-82.458444
600;Taoyuan;;Taiwan;Asia;24.9929995;121.3010003
601;Tarrytown;New York;USA;North America;41.0762077;-73.8587461
602;Tawau;;Malaysia;Asia;4.2435206;117.885331
603;Tbilisi;;Georgia;Asia;41.6934591;44.8014495
604;Tegernsee;;Germany;Europe;47.7099191;11.7543337
605;Tel Aviv;;Israel;Asia;32.0852997;34.7818064
606;Tempe;Arizona;USA;North America;33.4255117;-111.940016
607;Tervuren;;Belgium;Europe;50.8241883;4.5138824
608;The Plains;Virginia;USA;North America;38.8624506;-77.774073
609;The Woodlands;Texas;USA;North America;30.1734194;-95.504686
610;Thrissur;;India;Asia;10.5270099;76.214621
611;Tianjin;;China;Asia;39.1175488;117.1913008
612;Tokyo;;Japan;Asia;35.6821936;139.762221
613;Tonghua;;China;Asia;42.123889;125.848333
614;Tongxiang;;China;Asia;30.6316971;120.5610365
615;Torino;;Italy;Europe;45.0677551;7.6824892
616;Toronto;;Canada;North America;43.6534817;-79.3839347
617;Treviso;;Italy;Europe;45.806691349999994;12.206315763116372
618;Trivandrum;;India;Asia;8.4882267;76.947551
619;Trondheim;;Norway;Europe;63.4304475;10.3952118
620;Tulsa;Oklahoma;USA;North America;36.1563122;-95.9927516
621;Turin;;Italy;Europe;45.0677551;7.6824892
622;Turks and Caicos Islands;;Turks and Caicos Islands;North America;21.721746;-71.5527809
623;Ulm;;Germany;Europe;48.3966578;9.9931893
624;Urumchi;;China;Asia;43.419754;87.319461
625;Urumqi;;China;Asia;43.419754;87.319461
626;Vadodara;;India;Asia;22.2973142;73.1942567
627;Vaduz;;Liechtenstein;Europe;47.1392862;9.5227962
628;Valencia;;Spain;Europe;39.4697065;-0.3763353
629;Vancouver;;Canada;North America;49.2608724;-123.113952
630;Venice;California;USA;North America;33.995044;-118.4668875
631;Ventura;California;USA;North America;34.4458248;-119.0779359
632;Verbier;;Switzerland;Europe;46.0961011;7.2286765
633;Verkhniaya Pyshma;;Russia;Europe;56.972329444;60.58999764
634;Vettre;;Norway;Europe;59.8239244;10.4662329
635;Vienna;;Austria;Europe;48.2083537;16.3725042
636;Vienna;Virginia;USA;North America;38.9013729;-77.2651762
637;Virginia Beach;Virginia;USA;North America;36.8529841;-75.9774183
638;Visbek;;Germany;Europe;52.8337724;8.3148496
639;Vladivostok;;Russia;Europe;43.1150678;131.8855768
640;Vorden;;Netherlands;Europe;52.1041075;6.3126099
641;Walldorf;;Germany;Europe;49.3038134;8.6433518
642;Warsaw;;Poland;Europe;52.2337172;21.071432235636493
643;Weifang;;China;Asia;36.6961413;119.0915313
644;Weihai;;China;Asia;45.7931952;123.7132133
645;Weinheim;;Germany;Europe;49.5462349;8.6717458
646;Weiningen;;Switzerland;Europe;47.4199708;8.4366271
647;Wellington;Florida;USA;North America;34.8559899;-100.2135865
648;Wels;;Austria;Europe;48.1565472;14.0243752
649;Wenzhou;;China;Asia;27.9963899;120.695345
650;Westmount;;Canada;North America;45.4856917;-73.596562
651;Weston;Massachusetts;USA;North America;26.1003392;-80.399513
652;Whistler;;Australia;Australia;-32.6928999;116.0419267
653;Wichita;Kansas;USA;North America;37.6922361;-97.3375448
654;Wilen;;Switzerland;Europe;47.451714;9.0341561
655;Wilen bei Wollerau;;Switzerland;Europe;47.1976363;8.7343795
656;Wilson;Wyoming;USA;North America;29.1589961;-98.1251465
657;Windermere;Florida;USA;North America;28.4944695;-81.5345547
658;Windsor;;Canada;North America;42.2858536;-82.9780695
659;Winnetka;Illinois;USA;North America;42.1080703;-87.7365286
660;Wollerau;;Switzerland;Europe;47.1957261;8.7194595
661;Woodside;California;USA;North America;37.4299388;-122.253855
662;Wotton-under-Edge;;UK;Europe;51.6378241;-2.3547251
663;Wuhan;;China;Asia;30.5951051;114.2999353
664;Wuhu;;China;Asia;31.1800568;118.2141777
665;Wujiang;;China;Asia;30.9943375;120.59880059269469
666;Wuxi;;China;Asia;31.5776626;120.2952752
667;Wynnewood;Pennsylvania;USA;North America;40.0028514;-75.2707469
668;Xi'an;;China;Asia;34.261004;108.9423363
669;Xiamen;;China;Asia;24.5438732;118.0768065
670;Xianyang;;China;Asia;34.3323227;108.7128495
671;Xingtai;;China;Asia;37.0616519;114.499746
672;Xinxiang;;China;Asia;35.308611;114.051111
673;Xinyu;;China;Asia;27.853572;114.8867147
674;Yangzhou;;China;Asia;32.3968554;119.4077658
675;Yantai;;China;Asia;37.461928;121.4425255
676;Yanzhou;;China;Asia;36.602796;109.4873978
677;Yekaterinburg;;Russia;Europe;56.839104;60.60825
678;Yinchuan;;China;Asia;38.4852037;106.2261926
679;Yingkou;;China;Asia;40.6747155;122.2357736
680;Yixing;;China;Asia;31.3495972;119.817253
681;Yongzhou;;China;Asia;25.781344;111.6979977
682;Yorktown Heights;New York;USA;North America;41.2709274;-73.7776336
683;Youngstown;Ohio;USA;North America;41.1035786;-80.6520161
684;Ypsilanti;Michigan;USA;North America;42.2410562;-83.613055
685;Yunfu;;China;Asia;22.9173703;112.0396246
686;Yunlin;;Taiwan;Asia;23.6990775;120.5245511
687;Yuxi;;China;Asia;24.3511487;102.527044
688;Zermatt;;Switzerland;Europe;46.0212076;7.749254
689;Zhaoyuan;;China;Asia;37.3538319;120.4281727
690;Zhengzhou;;China;Asia;34.7533392;113.6599983
691;Zhongshan;;China;Asia;22.5196895;113.3870834
692;Zhuji;;China;Asia;29.7296617;120.1805427
693;Zhuzhou;;China;Asia;27.4989086;113.1529127
694;Zug;;Switzerland;Europe;47.1486137;8.5539378
695;Zurich;;Switzerland;Europe;47.3744489;8.5410422