Continent,Country_of_residence,City,2024_01_total,2024_02_total,2024_03_total,2024_04_total,2024_05_total,2024_06_total,2024_07_total,2024_08_total
"North America",USA,"New York City",614.60,635.20,644.50,645.20,648.50,657.40,677.30,696.80
"North America",USA,,609.40,635.70,658.70,679.50,703.30,713.40,731.80,717.90
Europe,France,Paris,393.10,413.00,410.30,398.20,395.50,373.40,356.90,369.10
Europe,Russia,Moscow,368.10,380.50,380.40,399.30,399.40,399.50,398.60,409.80
"North America",USA,"Palo Alto",356.10,359.80,368.30,358.70,383.50,409.10,390.40,399.50
"North America",USA,Austin,304.60,319.30,319.10,326.40,344.30,360.70,372.20,381.70
Asia,India,Mumbai,298.50,304.40,308.00,319.90,319.80,342.90,345.40,346.90
Europe,UK,London,288.10,284.00,292.70,296.40,298.40,294.40,292.00,297.50
Asia,China,,276.70,293.40,294.70,309.30,311.60,297.50,283.70,263.00
Asia,China,"Hong Kong",270.10,281.20,278.50,285.50,292.20,277.60,276.50,282.80
"North America",USA,Seattle,239.70,244.50,243.50,237.20,238.50,257.10,250.80,241.60
Asia,China,Beijing,168.90,184.90,182.70,190.30,186.30,175.80,176.90,176.70
Asia,India,,168.90,184.70,167.80,185.40,184.40,195.80,205.10,208.50
"North America",Mexico,"Mexico City",165.90,165.60,174.40,171.50,170.50,155.80,153.60,147.40
Asia,China,Shenzhen,160.70,167.60,162.50,173.80,176.70,182.00,176.30,184.20
Europe,Germany,,155.10,169.00,173.90,180.60,183.00,180.10,185.00,193.70
"North America",USA,"San Francisco",153.70,160.50,170.30,160.60,160.90,162.90,160.40,152.70
"North America",USA,Lanai,143.70,139.90,155.20,142.80,146.20,173.00,172.60,174.70
"North America",USA,Bentonville,139.20,152.90,155.80,154.20,166.30,170.00,174.20,190.20
"North America",USA,"Los Altos",135.70,130.80,140.00,148.20,154.70,161.90,153.90,150.60
"North America",USA,Medina,131.30,135.40,138.70,134.00,136.80,141.20,138.30,144.60
"North America",USA,Omaha,131.10,137.10,141.00,133.40,139.40,130.80,140.70,152.30
Asia,China,Hangzhou,123.50,131.90,128.00,137.70,129.70,119.30,107.70,105.90
"North America",USA,"Hunts Point",122.50,124.80,126.50,119.10,125.20,132.70,126.00,124.50
Asia,India,Delhi,120.80,126.10,125.40,129.50,128.00,137.70,146.00,146.90
Asia,India,Ahmedabad,115.60,121.60,119.80,120.10,129.90,126.50,134.20,127.50
Asia,Japan,Tokyo,111.20,115.00,122.30,112.90,118.20,119.60,123.00,137.60
Europe,Spain,"La Coruna",108.80,111.80,124.00,114.90,117.70,122.30,120.20,132.20
Asia,Taiwan,Taipei,106.30,106.50,131.00,133.40,137.40,169.90,168.00,169.30
Asia,Singapore,Singapore,102.70,97.20,100.80,104.20,107.70,107.40,105.40,110.20
"North America",USA,"Los Angeles",97.10,98.40,98.40,102.80,103.70,104.00,106.40,109.80
Europe,Switzerland,Geneva,93.70,92.90,104.30,106.60,110.10,109.80,108.90,107.80
Asia,China,Shanghai,90.20,101.60,101.40,117.10,116.80,109.90,104.00,107.00
"North America",USA,Dallas,89.40,90.10,86.80,91.90,86.70,87.00,88.20,89.60
Asia,Indonesia,Jakarta,88.20,92.80,89.50,122.80,121.00,125.30,123.20,142.90
"North America",Canada,Toronto,87.50,89.60,93.10,96.70,103.90,102.60,101.80,105.80
"North America",USA,"Fort Worth",86.70,92.50,94.70,93.90,99.90,101.60,106.10,114.50
"North America",USA,Chicago,84.20,88.20,90.40,98.50,99.40,99.30,101.80,102.10
Europe,Sweden,Stockholm,83.30,85.40,76.80,76.60,80.70,78.90,80.50,83.30
Asia,"South Korea",Seoul,80.40,84.10,86.10,79.80,77.80,79.10,81.80,83.80
"North America",USA,"Palm Beach",79.70,84.20,89.20,94.80,99.70,97.20,96.10,98.90
"North America",USA,Houston,77.10,78.90,81.20,92.30,92.10,91.40,92.00,94.40
"North America",USA,Atlanta,77.00,78.30,77.80,74.90,73.30,74.70,75.40,78.80
"North America",USA,Jackson,76.50,79.50,80.20,80.50,83.30,83.30,85.10,97.90
Europe,Italy,,71.80,74.90,85.20,119.10,120.80,117.80,121.10,123.80
Asia,Thailand,Bangkok,69.40,68.10,70.40,69.90,69.40,63.60,67.50,74.70
"North America",USA,Atherton,68.90,69.20,74.70,75.10,77.70,79.30,79.80,76.60
Australia,Australia,Perth,61.60,56.20,56.60,56.70,56.70,54.70,52.50,54.30
"South America",Brazil,"Sao Paulo",61.50,60.10,64.40,65.30,65.80,62.00,61.30,65.40
Australia,Australia,Sydney,58.90,59.20,58.10,55.50,54.80,57.20,56.20,58.30
"North America",USA,Greenwich,54.00,53.00,53.70,50.50,50.70,50.70,50.90,51.00
Europe,France,,51.60,52.40,50.20,49.00,49.70,47.60,48.50,48.90
Asia,Indonesia,Kudus,50.70,50.60,50.80,48.10,45.30,47.80,49.60,52.80
Europe,Monaco,"Monte Carlo",48.30,48.10,50.90,52.70,53.00,52.40,53.70,53.20
Europe,Italy,Milan,47.60,50.20,49.10,51.30,52.20,49.80,49.40,51.30
"North America",USA,"Las Vegas",47.40,50.20,42.70,43.00,43.40,43.30,41.60,42.00
"North America",USA,"Beverly Hills",46.60,47.00,47.10,47.70,47.40,47.60,48.30,53.30
Europe,Germany,Neckarsulm,46.10,38.70,37.40,36.30,39.50,34.50,36.50,37.40
Europe,France,Laval,43.30,43.90,42.80,41.30,42.20,39.90,41.50,44.60
Asia,China,Ningbo,42.80,47.50,46.40,50.30,49.90,45.80,43.30,43.60
Asia,Israel,"Tel Aviv",42.70,43.10,44.60,50.30,51.10,51.60,52.40,53.30
Europe,Austria,,42.10,42.00,42.00,41.70,42.10,41.60,42.00,42.90
Europe,Germany,Hamburg,41.80,41.40,34.60,35.10,36.10,34.60,35.00,36.50
Asia,China,Ningde,40.60,45.30,52.00,55.30,53.90,49.10,50.70,51.30
Europe,Switzerland,Zurich,40.60,40.10,41.30,40.70,41.60,40.70,40.00,42.50
"North America",USA,Hillsboro,40.50,42.40,39.30,38.80,39.70,33.70,34.20,36.80
"North America",USA,"Oklahoma City",40.30,38.00,32.20,32.10,32.60,32.80,32.90,22.50
"North America",USA,"The Plains",39.80,38.60,38.50,39.20,38.40,37.80,38.70,47.60
Europe,Italy,Brussels,39.40,39.40,43.20,42.90,43.40,42.90,43.20,44.30
Asia,China,Foshan,38.80,42.00,41.50,42.90,40.00,39.50,39.70,41.40
Asia,Philippines,Manila,38.70,40.20,41.30,40.30,39.10,39.50,41.40,45.20
"South America",Chile,Santiago,36.30,35.00,37.20,38.50,39.20,37.40,36.80,36.30
Asia,Turkey,Istanbul,36.20,35.70,41.10,46.00,47.40,46.40,46.40,43.60
Asia,India,Pune,35.90,33.40,33.50,34.10,35.20,35.40,38.70,40.40
"North America",USA,Franklin,35.40,35.70,38.50,34.90,37.20,37.00,40.60,46.20
Asia,India,Bangalore,34.80,35.00,33.40,36.10,37.80,40.00,41.40,41.90
"North America",USA,"Newport Beach",34.30,35.10,35.30,35.00,35.40,37.70,38.10,38.30
Asia,China,Guangzhou,34.20,38.40,39.50,53.20,54.90,51.70,49.20,50.00
Asia,China,Chengdu,33.70,36.70,36.50,35.60,36.10,33.00,32.60,32.40
Europe,Switzerland,Schindellegi,33.40,43.10,39.10,40.00,41.20,41.30,42.30,42.20
"North America",USA,Woodside,31.40,32.20,33.00,33.20,33.30,34.80,33.20,33.10
"North America",Canada,Vancouver,30.90,30.70,28.30,27.60,26.80,26.60,26.10,26.50
"North America",USA,"East Setauket",30.70,30.70,31.40,31.40,NULL,NULL,NULL,NULL
Europe,"Czech Republic",Prague,30.20,30.00,30.90,30.70,31.60,31.10,31.20,31.80
Asia,"United Arab Emirates",Dubai,30.10,30.10,34.50,37.80,38.20,38.50,38.90,39.00
Asia,India,Hisar,29.50,30.40,33.40,36.20,37.90,41.20,40.60,40.40
Australia,Australia,Melbourne,29.50,28.30,29.00,29.60,30.10,29.60,29.90,32.10
Europe,Austria,Vienna,29.50,29.90,32.10,32.00,32.10,32.10,31.90,32.20
Africa,Nigeria,Lagos,29.40,25.00,28.30,26.80,25.90,25.60,24.20,23.50
Europe,Russia,,29.10,20.40,21.70,32.20,32.20,32.20,32.20,33.80
"North America",USA,Haverford,28.90,28.90,27.60,27.60,27.60,27.60,28.50,28.50
"North America",USA,Naples,28.60,29.10,30.60,30.10,30.20,29.80,31.10,31.70
Europe,Germany,Kuenzelsau,28.50,33.60,33.10,34.80,34.20,32.40,35.00,37.30
"North America",USA,Milton,28.40,29.50,29.00,28.60,29.30,29.40,31.30,31.30
Europe,Spain,Madrid,28.30,28.70,29.30,29.40,30.80,30.40,30.80,31.60
Asia,Singapore,,27.70,27.80,28.40,28.30,28.50,28.30,28.30,29.00
"North America",Canada,Montreal,27.50,28.10,27.20,26.60,27.20,27.10,28.40,27.60
"South America",Brazil,"Rio de Janeiro",27.50,27.90,29.20,28.40,28.20,26.60,26.30,27.40
Europe,Denmark,Billund,27.20,25.20,25.20,25.10,25.20,25.10,25.20,25.90
Asia,Kazakhstan,Almaty,26.20,27.50,28.70,28.60,28.70,29.10,29.30,29.50
"North America",USA,Boston,25.80,26.70,29.30,28.70,29.90,29.10,30.20,27.60
Europe,Cyprus,,25.40,27.00,22.40,24.20,27.80,27.50,28.60,25.10
"North America",USA,Electra,25.30,25.50,26.20,26.10,26.80,26.90,27.00,27.70
Europe,Switzerland,"Crans Montana",25.00,27.30,26.90,26.20,26.00,25.30,25.50,26.50
Europe,Germany,"Frankfurt am Main",24.80,27.40,26.90,27.90,26.70,25.60,25.40,25.60
"North America",USA,"St. Louis",24.80,25.00,25.00,25.60,25.60,25.70,25.90,32.30
Europe,Germany,"Bad Homburg",23.70,26.50,26.10,25.30,24.40,23.40,23.30,23.70
Australia,Australia,,23.70,26.60,27.20,27.40,27.60,30.60,30.00,30.90
Asia,Taiwan,,23.30,26.00,27.50,27.90,28.20,27.20,24.10,26.60
"South America",Brazil,,23.20,24.20,25.20,25.00,23.10,21.10,18.60,19.50
Asia,Japan,Osaka,22.70,23.00,22.80,22.30,22.20,21.60,21.10,23.60
"North America",Canada,,22.30,22.00,23.30,26.30,25.30,26.50,27.00,27.90
"North America",USA,Afton,22.10,23.10,20.90,20.90,20.90,20.90,20.90,21.90
"North America",USA,"Miami Beach",22.10,22.20,22.40,22.40,22.50,22.30,22.60,23.90
Asia,China,Quanzhou,22.10,23.80,25.00,26.10,25.00,23.60,22.80,24.20
Asia,Israel,,21.80,22.40,24.70,24.70,24.50,24.40,24.50,24.60
Asia,China,Changsha,21.40,25.00,23.50,25.70,25.50,23.50,22.00,20.90
Asia,Malaysia,"Kuala Lumpur",21.20,20.40,20.60,20.40,21.90,21.90,22.60,23.80
Europe,"Czech Republic",,20.60,20.50,24.20,24.00,24.30,24.00,24.10,24.80
"North America",USA,Reno,20.60,20.50,18.30,17.20,17.00,18.20,17.50,19.20
Europe,UK,,20.40,19.30,19.70,19.70,20.10,19.70,19.90,20.60
Europe,Germany,Tegernsee,19.20,19.40,19.60,19.20,20.60,18.40,19.00,19.20
"North America",USA,Phoenix,19.00,19.00,19.40,19.00,19.10,18.80,19.40,20.20
"North America",USA,Tulsa,18.90,19.00,19.30,19.30,19.50,19.70,20.40,19.30
"North America",USA,Cary,18.90,19.00,20.80,20.20,20.20,21.40,20.80,20.80
Asia,Indonesia,,18.70,21.20,20.30,19.90,18.60,17.70,20.40,21.50
Africa,Egypt,Cairo,18.30,18.20,18.40,18.60,18.70,18.40,18.50,19.30
"North America",USA,Miami,18.30,19.20,21.30,23.40,24.10,24.20,24.30,22.50
Europe,Switzerland,Zug,18.20,18.10,19.40,19.10,19.40,19.00,18.90,19.80
Europe,Switzerland,Gstaad,18.00,18.00,20.70,21.80,21.70,21.70,21.70,21.90
"North America",USA,Denver,17.90,17.90,19.10,19.20,18.50,18.40,19.60,18.30
Europe,UK,Gloucestershire,16.60,17.00,20.70,20.50,21.30,20.90,21.30,22.20
Europe,Germany,Heidelberg,16.60,18.10,18.40,17.80,17.80,18.60,19.00,19.60
"North America",USA,"Grand Rapids",16.20,16.50,16.50,17.50,18.60,18.90,20.40,20.10
Asia,India,Hyderabad,15.90,16.30,16.30,18.60,19.00,19.80,21.10,21.80
"North America",Mexico,,15.80,17.10,15.90,30.90,30.50,28.90,28.30,26.90
"North America",USA,"Incline Village",15.70,15.70,14.50,13.20,11.80,12.30,12.50,14.30
"North America",USA,Irvine,15.70,16.20,13.60,12.80,13.80,14.70,17.20,16.90
"North America",USA,"Bryn Mawr",15.20,15.20,15.20,15.20,15.20,15.20,15.60,15.60
Europe,Norway,Oslo,15.10,15.10,15.90,15.60,16.30,16.10,15.60,16.40
Europe,Sweden,Gothenburg,15.10,15.60,14.90,14.10,14.50,14.70,15.50,17.00
Europe,Germany,Munich,15.00,15.40,16.60,19.70,19.70,19.00,20.00,20.50
Europe,Monaco,Monaco,14.80,14.80,17.90,17.80,18.00,17.90,18.00,18.20
"North America",USA,"Boca Raton",14.70,14.70,14.70,16.10,16.00,16.10,16.10,17.90
"North America",USA,Racine,14.70,14.80,14.80,14.80,14.70,15.00,14.80,15.40
"North America",USA,Knoxville,14.30,14.30,13.10,13.10,13.10,13.10,13.10,13.10
Europe,UK,Stoke-on-Trent,14.20,14.70,16.80,15.60,15.70,15.30,15.90,17.20
"North America",USA,Brookline,14.20,14.80,15.00,14.80,14.70,14.80,15.20,15.30
Europe,Germany,Melsungen,14.00,14.00,14.00,13.60,14.00,13.60,14.00,14.40
Africa,"South Africa","Cape Town",13.80,14.40,13.90,13.20,14.60,14.40,14.10,14.70
Europe,Switzerland,Martigny,13.60,15.50,15.80,14.90,14.60,14.20,13.50,14.80
"North America",USA,Philadelphia,13.60,13.30,13.30,13.20,13.20,13.10,13.50,15.30
Asia,China,Yinchuan,13.30,14.60,13.80,13.90,13.80,14.40,12.90,13.50
Europe,Netherlands,Amsterdam,13.20,14.10,14.20,13.10,13.40,12.90,13.10,13.30
Asia,Malaysia,,13.10,13.00,12.80,12.80,12.80,12.30,12.70,14.00
Asia,China,Chongqing,12.90,14.70,13.20,11.20,10.80,9.60,9.80,8.80
Europe,Germany,Herzogenaurach,12.70,15.20,13.10,12.00,12.50,11.10,11.50,12.00
Asia,China,Lianyungang,12.60,14.70,16.40,16.60,15.20,13.90,15.30,16.60
"North America",USA,Springfield,12.40,13.00,13.00,13.00,13.30,13.50,13.50,12.20
Europe,Switzerland,Lucerne,12.40,12.30,11.90,11.70,17.60,17.80,18.30,18.20
"North America",USA,"Rolling Hills",12.20,12.50,10.20,9.70,10.80,11.80,14.20,14.10
Africa,"South Africa",Johannesburg,12.10,11.90,12.00,12.20,12.40,12.50,12.50,12.50
Asia,China,Changzhou,12.00,13.60,12.50,12.30,13.30,11.90,12.20,11.80
Europe,Switzerland,,12.00,12.60,13.80,24.20,24.70,24.50,24.70,25.40
Asia,Thailand,,12.00,12.00,11.10,11.20,11.50,11.10,11.50,12.20
Asia,Japan,,12.00,13.50,13.80,9.50,8.20,8.20,8.60,12.80
Asia,India,Chennai,11.90,13.70,14.50,14.30,14.40,14.90,15.50,15.40
"North America",Canada,"Saint John",11.80,11.80,11.90,12.20,5.50,NULL,NULL,NULL
Europe,Germany,Bielefeld,11.70,6.60,6.60,6.60,6.60,6.60,6.60,6.90
Europe,Ireland,,11.60,12.20,11.90,11.90,11.60,12.10,12.90,13.20
Asia,India,Kolkata,11.40,10.40,10.30,11.70,12.00,13.10,14.70,14.60
"North America",USA,"Newport Coast",11.30,11.80,12.00,11.80,12.00,14.10,13.90,14.10
"North America",USA,"Bal Harbour",11.10,11.00,11.40,12.30,12.90,13.40,13.50,13.60
"North America",USA,"Hobe Sound",11.00,11.00,11.00,11.00,11.00,11.00,11.00,11.00
Europe,France,Lyon,10.90,10.90,11.10,11.00,10.90,10.40,10.80,11.30
"North America",Canada,Ottawa,10.80,10.30,10.70,10.10,9.20,9.80,9.40,10.50
"North America",USA,"Saint Petersburg",10.60,11.00,11.40,10.40,10.30,9.80,10.20,9.90
Europe,Russia,Magnitogorsk,10.50,10.50,10.60,10.60,10.60,10.60,10.60,11.00
Europe,Spain,Valencia,10.50,10.60,10.50,10.30,10.80,10.70,11.10,12.00
"North America",USA,Bloomington,10.30,10.50,10.60,10.20,10.10,10.20,10.40,10.70
"North America",USA,"Delray Beach",10.30,10.30,11.00,10.80,10.70,10.90,10.70,11.60
Europe,Finland,Helsinki,10.30,10.40,10.80,11.10,11.40,11.20,10.70,11.20
Asia,China,Wenzhou,10.30,13.90,16.30,17.70,17.30,16.50,16.50,16.10
"North America",USA,Alexandria,10.00,9.70,9.60,9.80,9.60,9.50,9.70,11.90
"North America",USA,Elizabeth,10.00,9.90,9.80,9.60,9.60,9.60,9.90,10.70
"North America",USA,"Bloomfield Hills",10.00,9.40,12.30,11.20,12.40,11.90,13.70,14.80
Europe,Switzerland,Basel,10.00,10.10,10.50,9.80,9.70,9.80,10.30,10.90
Europe,Switzerland,"Wilen bei Wollerau",9.90,9.60,10.30,10.40,10.80,10.70,10.90,11.20
Asia,China,Baoding,9.80,11.30,11.00,12.40,12.30,12.00,11.30,11.30
Europe,Germany,Haiger,9.80,10.50,10.50,10.40,10.50,10.40,10.50,10.80
Europe,Germany,Ulm,9.80,12.40,12.90,12.30,12.60,12.40,12.60,12.80
"North America",USA,Henderson,9.60,9.90,10.10,10.00,10.90,11.20,11.30,12.70
Europe,Italy,Treviso,9.60,9.50,10.00,9.60,10.00,9.60,9.70,10.00
Asia,China,Wujiang,9.50,10.40,11.10,12.20,11.40,11.10,11.10,11.00
Australia,"New Zealand",Auckland,9.50,10.60,10.50,10.60,10.20,10.00,10.20,10.60
"North America",USA,Redlands,9.50,9.60,8.10,7.70,7.70,8.40,8.90,8.90
Europe,Germany,Berlin,9.40,8.70,8.50,8.40,8.50,8.40,8.50,9.70
"North America",USA,"Portola Valley",9.20,9.40,9.40,9.40,9.20,9.70,9.50,9.20
Europe,Switzerland,"St. Gallen",9.10,8.90,8.90,8.70,8.70,8.30,8.50,8.60
"North America",USA,Winnetka,9.10,10.40,10.90,9.90,10.70,11.00,11.80,12.30
"North America",USA,Missoula,9.10,9.10,9.00,9.10,9.10,9.10,9.10,9.40
Europe,Greece,,9.10,9.40,10.30,10.20,10.40,20.20,20.20,19.70
Asia,China,Suzhou,9.10,11.40,10.90,11.80,10.50,9.70,9.60,9.60
Asia,"South Korea",,9.00,10.30,16.30,16.10,17.20,17.50,17.30,18.20
"North America",USA,Lexington,8.80,8.90,9.20,8.60,1.50,1.40,9.30,10.40
Europe,Italy,Modena,8.80,9.60,9.90,9.50,9.40,9.40,9.50,11.20
"North America",USA,Potomac,8.80,9.00,9.30,9.20,9.30,9.20,9.60,9.50
"South America",Argentina,,8.80,7.80,7.80,7.50,8.70,8.40,8.30,9.80
Europe,UK,Surrey,8.60,9.10,7.20,7.00,7.20,7.00,7.20,7.40
Europe,UK,Newmarket,8.60,9.10,7.20,7.00,7.20,7.00,7.20,7.40
Europe,Russia,Kazan,8.60,8.60,9.00,9.00,9.00,9.00,9.00,9.40
Europe,Switzerland,Ruschlikon,8.40,7.80,9.30,11.30,11.60,11.10,10.80,10.50
Asia,Vietnam,Hanoi,8.20,8.90,8.90,8.30,8.70,8.50,8.50,8.50
Europe,Switzerland,Verbier,8.10,8.10,9.30,9.30,9.40,9.30,9.30,9.60
"North America",USA,"Santa Barbara",8.10,8.30,8.30,8.10,8.30,8.10,8.80,8.60
"North America",USA,Camas,8.10,8.50,8.70,8.50,8.70,11.20,11.20,11.20
"North America",USA,"Sands Point",8.10,8.70,8.80,8.30,8.50,8.90,8.90,9.50
Europe,Italy,Rome,8.00,8.10,8.60,8.40,8.50,8.40,8.50,8.80
"North America",USA,"Saddle River",7.90,6.80,8.00,7.50,7.50,7.50,8.40,7.90
"North America",USA,Adel,7.90,7.80,9.70,10.80,10.90,11.00,10.20,10.20
"North America",USA,Portage,7.90,8.10,8.20,7.80,7.90,7.90,7.70,8.30
Australia,Australia,Brisbane,7.80,7.70,7.70,9.40,9.60,9.60,9.30,9.80
"North America",USA,"Lighthouse Point",7.70,7.70,7.70,7.70,7.70,7.70,7.70,7.70
Asia,"United Arab Emirates","Abu Dhabi",7.60,7.60,7.60,7.40,7.90,8.40,8.90,8.70
Asia,China,Shaoxing,7.60,8.50,8.20,8.20,8.30,7.80,7.90,7.80
Europe,Switzerland,Lausanne,7.50,7.60,7.50,7.50,7.80,7.90,8.10,8.90
"South America",Colombia,Bogota,7.50,7.30,7.20,7.40,7.40,6.90,6.90,6.80
"North America",USA,"Paradise Valley",7.50,6.40,6.40,6.30,6.30,7.10,5.60,7.80
"North America",USA,Malibu,7.40,7.40,7.40,7.40,7.40,7.40,7.40,7.80
"North America",USA,Newton,7.40,7.60,7.30,7.00,7.60,7.60,7.70,7.90
Europe,Germany,Bruchsal,7.40,7.40,7.30,7.30,7.40,7.30,7.30,7.50
Europe,Ireland,Dublin,7.40,7.70,8.20,8.00,8.00,8.00,8.10,8.20
"North America",USA,Millburn,7.30,7.30,7.30,7.30,7.30,7.30,7.30,7.30
"North America",USA,Windermere,7.30,7.30,7.30,7.30,7.30,7.30,7.30,7.30
Europe,Italy,Fiesole,7.30,7.40,7.50,7.40,7.80,8.00,8.20,9.00
"North America",USA,Madison,7.20,7.90,7.40,7.10,7.60,7.40,8.30,8.60
"North America",USA,Millersville,7.20,7.10,7.20,7.00,7.00,6.90,7.10,7.10
"North America",USA,Islamorada,7.20,7.20,7.20,7.20,7.20,7.20,7.20,7.10
"North America",USA,Pleasanton,7.00,6.90,6.90,6.30,5.70,5.80,5.90,6.10
"North America",USA,"San Jose",6.90,6.40,6.30,10.50,11.70,12.00,13.10,12.30
Asia,China,Binzhou,6.90,7.30,9.40,11.00,12.60,11.80,10.10,10.90
"North America","Cayman Islands","Grand Cayman",6.90,6.90,7.00,7.00,7.00,7.00,7.00,6.90
Europe,Belgium,,6.90,6.80,7.70,21.30,21.50,21.00,20.10,20.70
"South America",Argentina,"Buenos Aires",6.90,6.40,7.40,7.20,7.80,3.30,3.20,3.10
Europe,Denmark,Aarhus,6.80,6.80,12.50,12.30,12.50,12.20,12.40,12.70
Europe,Poland,Kielce,6.80,6.80,6.80,6.80,6.90,6.80,6.90,7.00
Australia,Australia,"New South Wales",6.70,6.10,6.10,5.80,5.90,5.80,6.20,6.00
Europe,Switzerland,Feldmeilen,6.70,6.30,6.80,7.00,7.10,7.10,7.20,7.30
"North America",USA,Katonah,6.70,6.70,6.70,6.70,6.70,6.70,6.70,6.70
"North America",USA,Wilson,6.70,6.70,6.80,6.80,6.90,6.80,6.90,6.90
"North America",USA,Glendora,6.70,6.70,6.70,6.70,6.70,6.70,6.70,6.70
"North America",USA,Clearwater,6.70,7.20,6.90,6.70,9.50,9.00,10.90,12.80
"North America",USA,Tempe,6.70,8.40,9.10,8.80,9.70,11.20,11.50,13.00
Asia,China,Hefei,6.60,7.20,9.20,9.20,7.70,7.00,1.50,1.30
"North America",USA,Bethesda,6.60,6.70,7.00,8.70,8.60,8.50,8.80,8.50
Europe,Turkey,Ankara,6.60,6.60,6.50,6.50,6.30,6.30,6.50,6.40
Europe,Switzerland,Jona,6.50,6.80,7.00,6.80,6.90,7.00,7.20,7.50
"North America",USA,Honolulu,6.40,6.30,6.50,6.50,6.40,6.30,6.50,6.30
"North America",USA,"Port Washington",6.40,6.30,6.30,6.50,6.50,6.60,6.80,6.30
Asia,China,Langfang,6.40,6.90,7.10,6.70,6.70,7.40,7.10,6.60
"North America",USA,"Oyster Bay",6.40,6.50,6.20,6.10,6.20,6.10,6.30,6.50
"North America",USA,Erie,6.40,7.40,7.30,7.00,6.70,6.70,8.00,9.30
Europe,UK,Albany,6.20,6.10,6.20,6.30,6.40,6.40,6.40,6.40
"North America",USA,"North Palm Beach",6.20,6.20,6.20,6.20,6.20,6.20,6.20,6.80
"North America",USA,Branford,6.20,6.20,6.10,6.00,6.40,6.70,6.80,7.10
"North America",USA,"Laguna Beach",6.20,6.40,6.70,6.50,6.40,6.30,6.40,6.20
Europe,Spain,,6.20,6.40,6.60,6.40,6.60,6.50,6.50,6.70
Africa,Eswatini,Ezulwini,6.10,6.10,7.10,6.90,6.70,6.70,7.00,7.30
"North America",USA,"Sugar Land",6.10,6.30,6.00,6.10,6.00,6.30,6.70,6.70
"North America",USA,"New Orleans",6.10,6.10,6.10,6.10,6.10,6.10,6.10,6.10
"North America",USA,"Indian Creek",6.00,6.60,5.50,7.30,6.90,6.90,7.30,7.40
"North America",USA,"New Albany",6.00,6.00,6.00,6.00,6.10,6.00,6.00,7.90
Europe,Poland,"Krotoszyn,",6.00,6.00,5.00,5.00,5.10,5.20,4.60,4.30
"North America",USA,"Steamboat Springs",6.00,6.30,6.50,6.40,7.00,8.30,8.10,8.20
"North America",USA,Hattiesburg,6.00,6.00,6.00,6.00,6.00,6.00,6.00,6.00
"North America",USA,Darien,5.90,5.90,7.20,7.20,7.20,7.20,7.20,7.20
Europe,Denmark,Humlebaek,5.90,6.80,7.00,6.30,6.40,6.40,6.90,7.10
"North America",USA,"Oak Brook",5.90,5.80,5.60,5.60,6.00,6.40,6.60,6.60
Europe,France,Lille,5.90,6.10,4.90,5.20,5.40,5.40,5.30,6.00
"North America",USA,Youngstown,5.80,5.80,5.80,5.80,5.80,5.80,5.80,5.80
Europe,Switzerland,Binningen,5.80,5.90,6.10,5.60,5.70,5.70,5.60,6.00
Europe,Ukraine,Kiev,5.80,5.70,4.30,4.30,4.30,4.30,4.30,4.30
Europe,Ukraine,Donetsk,5.70,5.70,4.00,4.00,4.00,4.00,4.00,4.00
"North America",Canada,Windsor,5.70,5.70,5.50,5.50,5.50,5.50,5.50,5.50
Europe,Switzerland,Lugano,5.60,2.80,2.60,2.40,2.60,2.60,2.70,2.90
Asia,China,Xi'an,5.50,6.10,5.80,5.50,5.50,4.60,4.70,4.60
Asia,Taiwan,Hsinchu,5.50,6.40,6.80,6.30,7.00,7.90,7.30,7.50
"North America",USA,Redding,5.40,5.40,5.40,5.40,5.40,5.30,5.50,6.00
Europe,Germany,Passau,5.40,5.60,5.60,5.60,5.60,5.60,5.60,5.60
Europe,Germany,Visbek,5.40,5.40,5.70,5.70,5.70,5.70,5.70,5.80
Europe,Portugal,Grijo,5.30,5.70,5.80,6.50,6.40,6.40,6.40,6.50
Europe,UK,"Isle of Man",5.20,5.20,5.60,5.60,5.60,5.60,5.60,5.60
"North America",USA,"San Anselmo",5.20,5.50,5.70,5.50,5.30,5.20,5.10,5.10
Europe,UK,Hertfordshire,5.20,5.20,5.20,5.20,5.50,5.50,5.60,5.60
Europe,Germany,Dusseldorf,5.20,3.30,3.30,3.20,3.40,4.50,3.50,4.50
"North America",Canada,Oakville,5.20,5.20,5.40,5.30,5.30,5.10,6.20,6.40
Asia,Lebanon,Beirut,5.20,5.10,5.60,5.60,5.60,5.60,5.60,5.60
Europe,Romania,,5.20,5.20,5.70,5.70,5.70,5.70,5.70,5.90
"North America",USA,McLean,5.10,5.20,6.20,6.10,6.00,5.90,6.30,6.20
"North America",USA,Fayetteville,5.00,5.00,4.80,4.30,4.30,4.20,4.50,4.50
Asia,China,Zhengzhou,5.00,5.20,3.00,3.00,2.90,2.80,1.70,2.70
Asia,Georgia,Tbilisi,4.90,4.90,4.90,4.90,4.90,4.90,4.90,4.90
"North America",USA,"Virginia Beach",4.90,4.90,4.90,5.00,4.90,5.00,4.90,5.10
"North America",USA,Croton-on-Hudson,4.90,5.40,5.40,5.40,5.40,5.40,5.40,5.40
"North America",USA,"Coral Gables",4.90,5.00,5.00,6.50,6.80,7.00,7.30,7.30
"North America",Bermuda,Bermuda,4.90,4.80,4.80,4.80,5.10,4.80,4.80,5.00
Europe,Norway,Trondheim,4.80,4.80,4.70,4.40,4.80,4.50,4.50,5.00
"North America",USA,Leawood,4.80,5.20,5.40,6.70,7.10,7.00,7.50,7.70
"North America",USA,"Pacific Palisades",4.80,4.80,4.80,4.80,4.80,4.80,4.80,4.80
Europe,Norway,Vettre,4.70,4.50,4.60,4.50,4.70,4.60,4.60,4.60
"North America",USA,"San Diego",4.70,4.60,4.80,4.70,4.70,4.80,4.80,8.60
"North America",USA,Indianapolis,4.70,4.80,4.90,4.70,4.80,4.80,4.80,5.00
Europe,Germany,Brunswick,4.70,4.70,4.70,4.60,4.70,4.60,4.70,4.80
Asia,China,Urumqi,4.70,4.90,4.90,4.80,4.90,4.60,4.50,4.50
Europe,Germany,Walldorf,4.60,5.00,5.00,4.80,5.00,5.00,5.10,5.20
"North America",USA,"Rancho Santa Fe",4.60,4.60,4.60,5.00,5.00,5.10,5.30,5.20
"North America",USA,"Menlo Park",4.60,4.60,4.90,4.80,4.90,4.90,4.90,5.10
Europe,Russia,"Saint Petersburg",4.60,5.70,7.40,8.80,8.90,8.70,8.90,9.30
"North America",USA,Cleveland,4.60,4.60,4.70,4.70,4.80,4.90,4.90,5.00
"North America",USA,Wynnewood,4.60,4.60,4.60,4.60,4.60,4.60,4.60,4.60
"North America",USA,"Coconut Grove",4.50,4.60,4.90,4.30,4.50,4.40,4.60,5.10
Europe,Sweden,,4.50,5.90,6.90,14.90,16.10,16.30,16.60,17.60
"North America",USA,Palisades,4.40,4.10,4.00,3.90,3.90,3.90,4.10,4.00
"North America",USA,"East Hampton",4.40,4.10,4.00,3.90,3.90,3.90,4.10,4.00
"North America",USA,Southampton,4.40,4.10,4.00,3.90,3.90,3.90,4.10,4.00
Asia,China,Changshu,4.40,4.70,4.70,5.20,5.20,5.50,4.70,4.60
Europe,Spain,"A Coruña",4.40,4.40,4.40,4.40,4.40,4.40,4.40,4.50
"North America",Canada,Edmonton,4.40,4.40,NULL,5.00,4.90,4.90,4.90,5.00
"North America",USA,"East Aurora",4.40,4.50,4.50,4.40,4.30,4.30,4.40,4.60
Europe,Poland,Konstancin,4.40,4.40,4.40,4.30,4.40,4.30,4.40,4.50
"North America",USA,Nashville,4.40,4.50,4.40,4.80,5.20,5.10,5.10,5.50
Europe,UK,Merseyside,4.40,4.60,4.00,4.20,4.40,4.40,4.40,4.90
Europe,Russia,Yekaterinburg,4.40,5.30,7.10,8.00,8.30,8.10,7.70,8.20
Asia,China,Xiamen,4.40,5.60,4.50,8.30,7.10,7.00,5.80,6.80
"North America",USA,Glencoe,4.30,4.30,3.90,3.90,3.90,3.90,3.90,5.00
"North America",USA,Carmel,4.30,4.30,4.40,4.40,4.40,4.40,4.40,4.80
Asia,Israel,Netanya,4.30,4.50,4.50,4.10,4.00,3.90,4.00,4.30
Asia,China,Wuxi,4.30,4.80,4.90,4.80,4.40,3.00,2.00,1.90
Asia,China,Qingdao,4.30,4.70,4.90,7.20,7.40,7.40,6.60,6.90
Asia,China,Tianjin,4.30,3.50,3.30,3.30,3.20,3.00,3.10,3.10
Europe,Switzerland,Zermatt,4.20,4.20,5.80,5.50,6.50,6.70,6.70,6.70
"North America",USA,Bozeman,4.20,4.20,4.20,4.60,4.60,4.70,4.90,4.80
"North America",USA,"Short Hills",4.20,4.30,4.30,4.40,4.50,4.50,4.80,4.60
Asia,China,Jiaxing,4.20,6.00,7.00,8.10,7.60,6.10,4.70,4.40
Europe,Bulgaria,,4.20,4.20,4.20,4.20,4.20,4.20,4.20,4.40
"North America",USA,Livingston,4.20,4.20,4.20,4.60,4.60,4.70,4.90,4.80
Europe,Russia,"Verkhniaya Pyshma",4.10,4.20,4.40,4.40,4.40,4.40,4.40,4.60
"North America",USA,Plantation,4.10,4.50,4.20,4.00,4.10,4.40,4.20,4.00
Europe,Finland,Kirkkonummi,4.10,4.00,4.00,4.20,4.30,4.20,4.30,4.50
"North America",USA,"Santa Clara",4.10,4.40,4.10,4.00,4.00,3.90,3.90,4.50
"North America",USA,"Santa Cruz",4.10,4.30,4.40,4.00,4.50,4.70,4.50,4.30
"North America",USA,"Belle Vernon",4.10,4.10,4.10,4.10,4.10,4.10,4.10,4.10
"North America",USA,"Bingham Farms",4.00,4.00,4.00,4.00,4.60,4.60,4.60,4.60
Europe,Switzerland,Burgdorf,4.00,4.50,4.40,4.10,4.60,4.90,4.90,5.30
Asia,China,Fushun,3.90,3.90,3.80,3.80,3.80,3.70,3.70,3.80
Europe,Switzerland,Weiningen,3.90,3.90,3.90,3.80,3.80,3.70,3.80,4.00
"North America",USA,"Salt Lake City",3.90,3.90,3.90,3.90,4.40,4.40,4.40,4.40
"North America",USA,Birmingham,3.90,4.00,4.10,3.80,3.70,3.70,4.20,6.40
Asia,China,Weifang,3.80,4.10,4.00,3.90,4.10,4.30,4.50,4.60
"North America",USA,"Marina Del Rey",3.80,3.80,3.80,3.80,3.80,3.80,3.80,4.40
"North America",USA,Coatesville,3.80,3.70,3.80,3.90,3.80,3.80,3.90,4.30
"North America",USA,"Bonita Springs",3.80,3.90,4.10,4.00,4.20,4.20,4.40,4.60
Asia,Japan,Hokkaido,3.80,4.20,4.40,3.90,3.20,3.10,3.30,4.30
"North America",USA,"Fort Collins",3.80,3.90,3.90,3.70,3.80,3.80,3.70,4.00
Europe,Spain,Barcelona,3.80,4.00,3.90,4.20,5.40,4.40,4.30,4.90
Asia,China,Xingtai,3.70,4.10,3.80,3.10,3.30,2.50,2.40,2.20
Europe,Italy,Solomeo,3.70,4.40,4.20,3.80,3.70,3.70,3.50,3.60
"North America",USA,"Highland Park",3.70,3.70,3.80,3.60,3.50,3.40,3.50,3.70
Europe,France,Nantes,3.70,3.90,4.20,4.00,3.90,3.30,3.90,3.80
Europe,Norway,Kverva,3.70,4.10,4.10,4.00,3.80,3.40,3.60,3.40
"North America",USA,Venice,3.70,2.60,2.60,3.30,3.30,3.60,3.00,2.30
Asia,Philippines,,3.70,6.10,5.90,5.70,4.30,4.20,4.50,5.80
Europe,UK,Bristol,3.70,3.90,4.00,4.00,4.50,4.60,4.60,4.50
Asia,China,Shantou,3.70,3.90,3.30,3.30,3.20,3.10,3.10,3.10
Europe,Germany,Mainz,3.60,3.60,3.70,3.60,4.00,3.20,3.50,3.50
Europe,Germany,Koenigstein,3.60,NULL,NULL,NULL,NULL,NULL,NULL,NULL
Asia,Malaysia,"Petaling Jaya",3.60,3.60,3.70,4.10,4.30,4.40,4.20,4.20
Asia,China,Wuhan,3.60,5.30,4.60,4.70,4.50,4.20,4.40,4.20
"North America",USA,Scottsdale,3.60,3.60,3.60,3.60,3.60,3.60,3.60,3.60
"North America",USA,"Little Jackson Hole",3.60,3.80,4.00,4.10,4.10,4.10,3.70,3.50
Europe,Italy,Bergamo,3.60,3.60,4.20,1.50,4.00,3.80,3.90,4.00
Asia,China,Jiangyin,3.60,3.90,4.00,4.00,4.10,4.00,3.20,3.30
"North America",USA,Saratoga,3.60,3.60,3.80,3.40,3.80,4.30,4.30,4.40
Europe,Poland,Warsaw,3.60,4.20,4.10,4.90,5.40,5.20,5.40,5.90
Europe,Netherlands,,3.60,3.60,3.30,7.10,6.90,7.00,7.00,6.90
Europe,Netherlands,Eindhoven,3.50,3.60,3.60,NULL,NULL,NULL,NULL,NULL
Europe,Italy,"Bassano del Grappa",3.50,3.60,3.60,3.70,3.90,3.90,3.80,4.20
"North America",USA,"San Antonio",3.50,3.50,3.90,5.00,3.90,3.90,3.90,3.90
"North America",USA,Provo,3.50,3.50,3.60,3.60,3.60,3.60,3.60,3.60
Europe,Italy,Como,3.40,3.80,4.00,3.80,3.70,3.40,3.40,3.50
Europe,Germany,Stuttgart,3.40,3.40,4.30,4.20,4.40,4.50,4.80,5.00
Europe,Switzerland,Küsnacht,3.40,3.40,3.40,3.30,3.40,3.30,3.40,3.50
"North America",USA,Providence,3.40,3.40,3.40,3.40,3.40,3.40,3.40,3.40
Europe,Spain,Esporles,3.40,2.10,2.10,2.00,2.10,2.10,2.00,2.10
"North America",USA,Tarrytown,3.40,3.50,3.50,3.20,3.50,3.80,3.90,4.00
"North America",USA,Ventura,3.40,3.40,3.40,3.40,3.40,3.40,3.40,3.40
Europe,Switzerland,Liestal,3.30,3.80,4.50,4.20,4.20,4.30,4.20,4.50
Asia,India,Haridwar,3.30,3.80,3.80,3.70,3.80,3.80,4.00,4.00
Europe,Italy,"Ponzano Veneto",3.30,3.30,3.30,3.20,3.30,3.20,3.30,3.40
"South America",Brazil,Brusque,3.30,3.30,2.30,2.30,2.20,2.10,2.10,2.10
Asia,China,Fuqing,3.30,3.60,3.50,3.90,3.70,3.80,3.60,3.90
Europe,Switzerland,Wilen,3.30,3.10,3.10,3.00,3.00,3.10,3.10,3.10
"South America",Brazil,"Sao Jose dos Pinhais",3.30,5.70,5.60,5.50,5.40,5.10,5.00,5.00
"North America",USA,"Idaho Falls",3.30,3.30,3.30,3.40,3.30,3.40,3.30,3.40
Europe,Russia,Krasnodar,3.20,3.20,3.30,3.30,3.30,3.30,3.30,3.30
"North America",USA,"Little Rock",3.20,3.20,3.20,3.20,3.20,3.20,3.20,3.30
"North America",USA,"The Woodlands",3.20,3.20,3.20,3.20,3.20,3.20,3.20,5.00
"North America",USA,Tampa,3.20,3.30,3.40,3.20,3.30,3.30,3.40,3.50
"North America",Canada,Westmount,3.20,3.20,3.10,2.90,2.80,2.80,3.20,3.20
"North America",USA,Jacksonville,3.20,3.60,3.90,3.40,2.90,2.80,3.10,3.20
Europe,Switzerland,Davos,3.10,3.10,4.90,5.30,5.40,5.40,5.70,5.60
"North America",USA,Brownsville,3.10,3.20,3.20,3.00,3.10,3.20,3.00,3.10
"North America",USA,"Sag Harbor",3.10,3.20,3.20,3.00,3.00,3.00,3.10,3.10
"North America",USA,"Ormond Beach",3.10,3.30,3.40,3.20,3.50,3.50,3.90,4.00
Europe,Russia,Irkutsk,3.10,3.10,3.30,3.60,3.80,3.50,3.40,3.70
Asia,Qatar,Doha,3.10,3.00,3.70,3.70,3.70,3.70,3.60,3.70
Europe,Estonia,,3.10,3.40,2.20,1.80,1.90,1.60,1.70,1.70
"North America",USA,Larchmont,3.00,3.00,3.00,3.00,3.00,3.00,3.00,3.00
Europe,Switzerland,"Kanton Schwyz",3.00,2.80,3.30,3.40,3.50,3.40,3.30,3.20
"North America",USA,Mankato,3.00,2.90,2.90,2.90,2.80,2.80,2.90,2.90
"North America",USA,Pittsburgh,3.00,3.00,2.90,3.00,3.00,3.00,3.00,3.00
"North America",USA,Scarborough,3.00,3.10,3.20,3.00,3.10,3.10,3.30,3.40
"North America",USA,Weston,3.00,3.10,3.20,3.00,3.10,3.10,3.30,3.40
Europe,Spain,Marbella,3.00,3.00,3.00,3.00,3.10,3.00,3.10,3.10
"North America",USA,Jupiter,3.00,3.00,3.20,3.20,3.20,3.20,3.20,3.20
Africa,Morocco,Casablanca,3.00,3.00,3.00,3.00,3.20,3.10,3.20,3.30
"South America",Peru,,3.00,3.40,NULL,NULL,NULL,NULL,NULL,NULL
"North America","British Virgin Islands","Necker Island",2.90,2.90,2.00,2.60,2.60,2.60,2.60,2.70
Asia,China,Taixing,2.90,3.50,3.50,3.80,3.50,3.00,3.00,2.90
Europe,Germany,Ohningen,2.90,2.70,2.70,2.70,2.70,2.70,2.70,2.80
Europe,Germany,Leipzig,2.90,2.70,2.70,2.70,2.70,2.70,2.70,2.80
Asia,India,Gurgaon,2.90,2.80,2.90,3.10,3.50,4.50,5.70,6.40
"North America",USA,"Park City",2.90,3.40,3.40,3.10,2.50,2.90,2.80,2.90
Asia,China,Jinjiang,2.90,2.80,2.90,2.90,3.00,2.70,2.90,2.90
Asia,Israel,Herzliya,2.90,3.00,3.10,2.90,2.80,2.70,2.80,2.90
Asia,China,Longkou,2.90,2.40,2.50,2.40,2.40,2.50,2.40,2.60
Asia,Japan,Kyoto,2.80,2.80,3.00,3.50,3.70,3.30,4.30,4.50
Asia,China,Daye,2.80,1.90,1.90,1.90,1.90,1.90,1.90,1.90
Europe,Germany,Duderstadt,2.80,2.80,2.80,2.70,2.80,2.70,2.80,2.80
"North America",USA,Montecito,2.80,2.80,2.80,3.00,3.00,3.00,3.00,3.00
"North America",USA,"Fort Lauderdale",2.80,3.00,3.10,3.20,3.30,3.30,3.20,3.20
"South America",Brazil,Manaus,2.80,2.80,2.80,2.70,2.70,2.60,2.50,2.50
"North America",USA,Cisco,2.80,2.80,4.10,3.90,4.30,3.90,4.10,3.80
"North America",USA,Aspen,2.80,2.90,3.00,2.90,2.80,2.90,2.90,2.80
Asia,China,Shijiazhuang,2.70,3.00,2.80,2.60,2.50,2.20,2.20,2.20
"North America",USA,Sarasota,2.70,2.70,2.70,2.70,2.70,2.70,2.70,2.70
Asia,China,Yingkou,2.70,2.70,2.40,2.40,2.40,2.40,2.40,2.40
Asia,Kazakhstan,Astana,2.70,2.70,2.70,2.70,2.70,2.70,2.70,2.70
"North America",USA,Berkeley,2.70,2.70,2.90,2.90,2.90,2.90,2.90,2.90
Asia,China,Fuzhou,2.70,5.90,5.60,6.00,5.70,5.60,5.60,5.80
Europe,Germany,Montabaur,2.70,2.50,2.40,2.60,2.60,2.30,2.40,2.30
"North America",USA,"Chestnut Hill",2.70,2.70,2.80,2.80,3.20,2.90,3.30,2.80
"South America",Brazil,Curitiba,2.70,3.70,3.60,5.00,4.80,4.60,4.40,4.40
Asia,India,Thrissur,2.70,3.00,3.30,3.20,3.00,3.80,4.40,4.70
Asia,China,Danyang,2.70,3.00,2.90,3.30,3.20,3.10,3.10,2.90
Europe,France,Montpellier,2.60,2.60,3.30,3.30,3.30,3.30,3.30,3.40
Asia,China,Zhuji,2.60,2.70,2.60,2.60,2.50,2.50,2.50,2.50
Europe,Switzerland,Rheinfelden,2.60,2.40,2.70,2.80,2.80,2.80,2.90,2.90
"North America",USA,"Lake Worth",2.60,2.60,2.60,2.60,2.60,2.60,2.60,2.60
"North America",USA,"Marin County",2.60,2.60,2.60,2.60,2.60,2.60,2.60,2.60
"North America",USA,"Chevy Chase",2.60,2.60,2.60,2.60,2.60,2.60,2.70,2.70
Europe,Italy,Torino,2.60,2.80,2.80,2.90,3.00,2.80,3.10,3.20
"North America",USA,Springdale,2.60,2.50,2.70,2.80,2.70,2.70,2.80,3.10
Africa,Algeria,Algiers,2.50,2.50,2.50,2.50,2.50,2.50,2.50,2.50
"North America",Belize,,2.50,4.80,5.00,4.80,5.10,5.20,6.40,6.90
Europe,Netherlands,Vorden,2.50,2.50,2.70,NULL,NULL,NULL,NULL,NULL
Asia,China,Shangyu,2.50,3.90,4.90,4.80,2.60,1.50,1.50,1.60
Europe,Germany,"Neustadt an der Waldnaab",2.50,2.70,2.70,2.70,2.70,2.70,2.70,2.70
Europe,Germany,Espelkamp,2.50,2.50,2.50,2.50,2.50,2.50,2.50,2.60
Asia,China,Changchun,2.50,2.70,1.40,1.50,1.40,1.30,1.30,1.30
"North America",USA,Cincinnati,2.50,3.20,3.30,3.20,3.20,3.40,3.10,2.80
Asia,Taiwan,Taichung,2.50,3.00,2.80,2.50,2.70,3.10,3.10,3.50
"South America",Peru,Lima,2.50,2.70,1.00,1.10,1.20,1.20,1.20,1.20
Asia,China,Luancheng,2.40,2.50,2.50,2.60,2.70,2.50,2.40,2.00
Europe,Austria,Graz,2.40,2.50,2.70,2.40,2.60,2.60,2.70,2.80
Asia,China,Yanzhou,2.40,2.80,2.80,3.00,2.90,2.70,2.70,2.50
"North America",Canada,"North York",2.40,2.30,2.70,2.70,2.70,2.70,2.70,2.80
Europe,Guernsey,"St. Peter Port",2.40,2.50,2.50,2.50,2.70,2.70,2.70,2.80
Europe,Liechtenstein,Vaduz,2.40,1.50,1.50,1.50,1.50,1.50,1.50,1.60
Europe,Germany,Weinheim,2.40,2.40,2.40,2.40,2.40,2.40,2.40,2.50
Asia,Vietnam,,2.40,2.80,2.80,NULL,NULL,NULL,NULL,NULL
Europe,Ireland,Kingscourt,2.40,2.70,2.70,2.70,2.80,2.60,2.70,2.60
"North America",USA,Sewickley,2.40,2.70,3.20,2.90,3.20,3.10,3.10,3.30
Europe,Germany,Darmstadt,2.40,2.40,2.40,2.40,2.40,2.40,2.40,2.40
"South America",Brazil,"Porto Alegre",2.40,2.40,2.60,2.50,2.50,2.30,2.30,2.30
Europe,Germany,Marburg,2.40,2.40,2.40,2.40,2.40,2.40,2.40,2.40
Asia,China,Huizhou,2.30,2.90,3.00,2.70,3.00,3.00,2.90,2.40
Europe,Switzerland,Hurden,2.30,2.10,2.10,2.10,2.10,2.10,2.10,2.10
Europe,Germany,Rechterfeld,2.30,2.30,3.40,3.40,3.40,3.40,3.40,3.50
"North America",USA,"San Juan Islands",2.30,2.30,1.30,1.30,1.30,1.30,1.30,1.30
"North America",USA,"El Paso",2.30,2.30,1.60,1.60,1.60,1.60,1.60,1.60
"North America",USA,Easton,2.30,2.50,1.60,1.50,1.70,1.80,1.70,2.00
Asia,Japan,Fukuoka,2.30,2.10,3.60,3.40,3.00,3.00,3.30,3.90
Asia,China,Xinxiang,2.30,2.50,2.50,2.50,2.30,2.00,2.10,2.00
"North America",USA,Portland,2.20,2.30,2.20,2.20,2.30,2.20,2.20,2.20
Asia,India,"New Delhi",2.20,2.20,2.10,2.10,2.20,2.40,2.50,2.50
Australia,Australia,"Surfers Paradise",2.20,2.20,2.30,2.30,2.30,2.30,2.30,2.30
Europe,UK,Durham,2.20,2.30,2.40,2.30,2.20,2.20,2.30,2.30
Europe,Switzerland,Wollerau,2.20,2.30,2.30,2.30,2.50,2.50,2.60,2.70
Europe,Germany,Rheda-Wiedenbruck,2.20,2.20,2.20,2.20,2.20,2.20,2.20,2.40
Asia,China,Suqian,2.20,2.30,2.20,2.20,2.20,1.00,1.00,1.10
"South America",Uruguay,,2.20,2.20,2.00,1.00,NULL,NULL,NULL,NULL
Europe,Germany,Krefeld,2.10,1.70,1.70,1.70,1.70,1.70,1.70,1.70
Australia,Australia,Whistler,2.10,2.00,2.00,2.00,2.10,2.10,2.00,2.10
"North America",USA,"Sioux Falls",2.10,2.10,2.10,2.10,2.10,2.10,2.10,2.10
"North America",USA,"Indian Hills",2.10,2.00,2.10,2.30,2.10,2.10,2.20,2.30
Asia,Indonesia,Surabaya,2.10,2.10,2.10,2.00,2.00,1.90,2.00,2.10
Asia,India,Aurangabad,2.10,1.90,1.80,2.00,2.20,2.60,2.50,2.40
Europe,Denmark,,2.10,2.40,3.60,3.40,3.50,3.50,3.40,3.70
Asia,China,Zhaoyuan,2.10,2.40,2.20,2.40,2.20,2.00,1.90,1.90
Australia,Bahamas,"Paradise Island",2.00,2.30,2.20,2.20,2.30,2.20,2.30,2.30
Asia,China,Yantai,2.00,4.00,4.00,4.10,4.10,3.00,2.90,4.00
"North America","Turks and Caicos Islands","Turks and Caicos Islands",2.00,2.00,2.00,2.00,2.10,2.00,2.00,2.00
Europe,Romania,Bucharest,2.00,2.00,2.10,2.10,2.10,2.10,2.10,2.20
"North America",USA,Ypsilanti,2.00,2.00,2.90,2.90,2.90,2.90,2.90,2.60
"North America",USA,"Old Lyme",2.00,2.00,2.00,2.20,2.20,2.20,2.30,2.30
"North America",USA,"Santa Monica",2.00,2.00,1.30,1.30,1.30,1.30,1.30,1.30
Europe,UK,"St. Brelade",2.00,2.00,2.00,2.00,2.00,2.00,2.00,2.10
Europe,Greece,Athens,2.00,2.10,2.10,6.70,6.70,6.60,6.60,6.50
"North America",USA,Charleston,2.00,2.10,2.30,3.80,3.80,3.80,3.80,3.90
"South America",Uruguay,Manantiales,2.00,2.00,4.90,5.10,5.10,5.00,4.90,5.10
Europe,Netherlands,Gorinchem,2.00,2.20,2.10,2.00,2.20,2.10,2.10,2.30
"North America",Canada,Boucherville,2.00,2.10,2.00,1.90,2.00,1.90,2.10,2.00
Asia,Oman,,2.00,2.10,2.70,2.90,3.00,3.10,3.00,2.90
"North America",USA,"Yorktown Heights",2.00,2.00,2.10,1.90,2.10,2.30,2.30,2.50
Europe,Germany,Schwieberdingen,2.00,2.00,1.90,1.90,1.90,1.90,1.90,2.00
Asia,China,Linyi,1.90,1.60,1.60,1.60,1.60,1.60,1.60,1.60
"North America",USA,"North Salem",1.90,1.90,2.10,2.10,2.10,2.10,2.10,2.10
"North America",USA,Monsey,1.90,1.90,2.00,2.00,2.00,2.00,2.00,2.00
"North America",USA,Alpine,1.90,1.90,2.20,2.20,2.20,2.20,2.20,2.20
"North America",USA,Cupertino,1.90,2.10,2.00,2.00,2.10,2.20,2.20,2.20
Asia,Taiwan,Yunlin,1.90,1.80,1.70,1.70,1.70,1.70,1.50,1.60
Asia,Oman,Muscat,1.80,2.00,2.10,1.80,1.80,1.70,1.70,1.80
Asia,China,Jinhua,1.80,2.40,2.30,2.30,2.20,2.10,1.70,1.60
Asia,Nepal,Kathmandu,1.80,1.80,1.80,1.80,1.80,1.80,1.80,1.80
Europe,Netherlands,Blaricum,1.80,1.80,1.80,1.80,1.80,1.80,1.80,1.90
"North America",USA,"Daytona Beach",1.80,1.80,1.80,1.80,1.80,1.80,1.80,1.80
Europe,Germany,Allendorf,1.80,2.40,2.50,2.50,2.50,2.50,2.60,2.70
"North America",USA,"Redwood City",1.80,1.70,1.80,1.70,1.90,2.00,2.00,2.00
Africa,Tanzania,"Dar es Salaam",1.80,1.80,1.80,1.80,1.80,1.80,1.80,1.80
Asia,India,Baroda,1.80,1.90,1.80,1.80,1.80,1.80,2.10,2.00
Europe,Turkey,,1.70,1.60,4.80,4.80,5.30,4.80,4.80,4.70
"North America",USA,Edmond,1.70,1.60,1.70,1.70,1.40,1.40,1.50,1.50
Europe,UK,Norwich,1.70,1.70,2.30,2.50,2.30,2.30,2.40,2.50
"North America",USA,Annapolis,1.70,1.70,1.90,1.90,1.90,1.90,1.90,1.90
Europe,Italy,Turin,1.70,1.70,2.60,2.60,2.60,2.60,2.60,2.60
"North America",USA,"La Jolla",1.70,1.70,NULL,NULL,NULL,NULL,NULL,NULL
"North America",USA,"Key Largo",1.70,1.70,2.40,2.40,2.40,2.40,2.40,2.40
"North America",USA,Princeton,1.70,1.80,1.80,1.80,1.80,1.80,1.80,1.80
Europe,UK,Aberdeen,1.70,1.70,1.70,1.70,1.70,1.70,1.70,1.70
Europe,UK,Nottinghamshire,1.70,1.70,2.50,2.40,2.50,2.40,2.50,2.50
Australia,Australia,Canberra,1.70,1.70,1.70,1.70,1.80,1.80,1.70,1.80
Asia,India,Vadodara,1.70,1.80,1.70,1.90,1.70,2.00,2.50,2.30
Europe,Poland,Cieszyn,1.70,1.70,1.70,1.70,1.80,1.70,1.70,1.70
Europe,Hungary,Felcsut,1.70,1.70,1.70,1.60,1.60,1.70,1.70,1.80
"North America",USA,Albuquerque,1.70,1.70,1.70,1.70,1.70,1.70,1.70,1.70
Asia,China,Putian,1.60,1.90,1.50,1.60,2.10,1.70,1.50,1.40
Asia,China,Xinyu,1.60,1.90,1.70,1.60,1.60,1.30,1.30,1.30
"North America",USA,Nicasio,1.60,1.60,1.60,1.60,1.60,1.60,1.60,1.60
Asia,China,Shenyang,1.60,1.70,1.60,1.60,1.60,1.50,1.50,1.60
Asia,Japan,Chiba,1.60,1.40,1.40,1.40,1.40,1.40,1.40,1.50
Europe,Germany,Kitzbuhel,1.60,2.50,2.50,2.40,2.70,2.60,2.80,2.60
Europe,Slovakia,Bratislava,1.60,2.00,1.60,1.60,1.60,1.60,1.60,1.60
"North America",USA,"St. Paul",1.60,1.70,1.60,1.60,1.70,1.70,1.70,1.70
"North America",USA,Manalapan,1.60,1.60,1.40,1.40,1.40,1.40,1.40,1.40
Europe,Italy,Cesena,1.60,1.60,1.60,1.50,1.60,1.60,1.60,1.60
Europe,Hungary,Budapest,1.60,1.50,1.50,2.50,2.70,2.50,2.50,2.70
Europe,Slovakia,,1.60,1.60,1.80,1.80,1.80,1.80,1.80,1.80
Asia,Japan,Saitama,1.60,1.50,1.60,1.40,1.40,1.30,1.40,1.50
Asia,China,Hengshui,1.60,1.60,1.70,1.70,1.70,1.40,1.40,1.30
Europe,Germany,Landsberg,1.60,1.70,1.70,1.70,1.70,1.70,1.80,2.00
Europe,Russia,Rostov-on-Don,1.60,1.40,1.40,1.40,1.40,1.40,1.40,1.40
"North America",USA,Vienna,1.60,2.70,5.00,3.60,4.60,4.30,4.70,3.70
"North America",USA,"El Cerrito",1.50,1.50,2.50,2.00,2.10,2.00,2.30,2.40
Europe,Switzerland,Montagnola,1.50,1.50,1.50,1.50,1.50,1.40,1.50,1.50
Europe,Italy,Campodoro,1.50,1.50,1.50,1.50,1.50,1.50,1.50,1.60
"North America",USA,"Fisher Island",1.50,2.60,2.60,2.60,2.60,2.60,2.60,2.60
"North America",USA,Liberty,1.50,1.50,1.50,1.50,1.50,1.50,1.50,1.50
Europe,France,Pujols,1.50,1.50,1.70,1.70,1.70,1.70,1.70,1.80
"North America",USA,Hillsborough,1.50,1.50,2.30,2.30,2.30,2.30,2.30,2.30
Australia,"New Zealand",,1.50,1.50,1.50,1.50,1.50,1.50,1.50,1.50
Europe,Italy,Spilamberto,1.50,1.50,1.50,1.40,1.50,1.40,1.50,1.50
Asia,Bahrain,Manama,1.50,1.50,1.50,1.50,1.50,1.50,1.50,1.50
"North America",USA,Bedford,1.50,1.50,1.70,1.70,1.70,1.60,1.60,1.60
Asia,Israel,"Kfar Shmaryahu",1.50,1.50,1.80,1.80,1.80,1.80,1.80,1.80
"North America",USA,Sagaponack,1.50,NULL,NULL,NULL,NULL,NULL,NULL,NULL
Asia,Vietnam,"Ho Chi Minh City",1.50,2.30,2.30,5.00,5.10,5.00,5.20,5.40
Europe,UK,Aberdyfi,1.50,1.50,1.50,1.50,1.50,1.50,1.50,1.50
Europe,Russia,Surgut,1.50,1.50,1.50,1.50,1.50,1.50,1.50,1.50
"South America",Brazil,"Santo Andre",1.50,1.70,1.70,1.70,1.70,1.60,1.50,1.50
"North America",USA,"Locust Valley",1.50,1.50,1.80,1.80,1.70,1.70,1.70,1.70
Asia,China,Huzhou,1.50,1.90,1.60,1.60,1.50,1.30,1.20,1.20
Asia,China,Chaozhou,1.40,1.60,1.60,1.80,1.90,1.90,2.10,2.00
Asia,Malaysia,Tawau,1.40,1.50,1.50,1.50,1.50,1.50,1.50,1.60
Asia,China,Liaocheng,1.40,3.90,3.90,5.30,5.30,5.30,5.00,5.20
Australia,Australia,"Gold Coast",1.40,1.30,1.30,1.30,1.20,1.30,1.30,1.30
Europe,Italy,"Crocetta del Montello",1.40,1.40,1.40,1.40,1.40,1.40,1.40,1.40
"North America",USA,Kearney,1.40,1.50,1.70,1.70,1.70,1.70,1.80,1.70
Europe,Sweden,Helsingborg,1.40,1.40,1.60,1.60,1.60,1.60,1.60,1.70
"North America",USA,Audubon,1.40,1.40,1.40,1.30,1.70,1.70,1.80,1.80
"North America",Barbados,,1.40,1.40,1.40,1.40,1.40,1.40,1.40,1.40
Europe,UK,Cardiff,1.40,1.50,1.50,1.40,1.50,1.40,1.50,1.60
Europe,Germany,Rottendorf,1.40,1.50,1.50,1.50,1.50,1.50,1.50,1.60
"North America",USA,"San Carlos",1.40,1.20,1.20,1.10,1.00,1.00,NULL,NULL
"North America",USA,"San Mateo",1.40,1.20,1.00,NULL,NULL,NULL,NULL,NULL
"South America",Brazil,"Belo Horizonte",1.40,1.80,1.90,1.70,1.80,1.80,1.80,1.90
"North America",USA,"Monte Vista",1.40,1.50,1.30,1.20,1.00,1.00,1.00,1.20
Asia,Israel,Bat-Yam,1.40,1.40,NULL,NULL,NULL,NULL,NULL,NULL
"North America",USA,Kauai,1.40,1.50,1.10,NULL,NULL,1.00,NULL,1.00
Asia,China,Nanping,1.30,1.40,1.40,1.40,1.40,1.20,1.20,1.10
Asia,China,Nanjing,1.30,3.80,3.40,3.60,2.60,2.40,2.40,2.50
Asia,China,Lanzhou,1.30,1.50,1.50,1.50,1.50,1.40,1.40,1.40
Europe,Germany,Straelen,1.30,1.30,1.30,1.30,1.30,1.30,1.30,1.30
"North America",Canada,Burlington,1.30,1.40,1.30,1.30,1.30,1.20,1.20,1.20
Europe,UK,Wotton-under-Edge,1.30,1.60,1.60,1.50,1.50,1.40,1.40,1.40
Asia,Israel,"Mevaseret Zion",1.30,1.30,1.40,1.40,1.40,1.40,1.40,1.40
Asia,China,Wuhu,1.30,1.30,1.30,1.30,1.30,1.30,1.30,1.30
Asia,China,Shunde,1.30,1.40,2.40,2.60,2.40,2.40,1.40,2.40
Europe,Hungary,,1.30,1.30,1.30,1.20,1.30,1.20,1.30,1.30
"North America",USA,Belvedere,1.30,1.40,1.80,1.30,1.40,1.30,1.50,1.30
"North America",USA,Plymouth,1.30,1.30,1.30,1.40,1.40,1.50,1.50,1.50
"North America",USA,Orono,1.30,1.30,1.30,1.40,1.40,1.50,1.50,1.50
"North America",USA,Englewood,1.30,1.30,1.30,1.40,1.40,1.50,1.50,1.50
"North America",USA,"Mount Kisco",1.30,1.30,1.30,1.30,1.30,1.30,1.40,1.30
Asia,Israel,"Bnei Atarot",1.30,1.40,1.30,1.30,1.30,1.20,1.30,1.30
"North America",USA,Gallatin,1.30,1.60,1.60,1.60,1.60,1.60,1.60,1.60
Europe,Germany,Detmold,1.30,1.30,1.30,1.30,1.40,1.40,1.40,1.50
Asia,Taiwan,Kaohsiung,1.30,1.60,1.80,NULL,NULL,NULL,NULL,NULL
Asia,India,Ernakulam,1.30,1.20,1.40,1.60,1.60,1.70,1.70,1.80
Asia,India,Trivandrum,1.30,1.20,1.40,1.60,1.60,1.70,1.70,1.80
Asia,India,Kottayam,1.30,1.20,1.40,1.60,1.60,1.70,1.70,1.80
Asia,China,Taizhou,1.30,1.40,1.30,1.20,1.20,1.10,1.10,1.00
"North America",USA,"Mercer Island",1.30,1.10,1.10,1.00,NULL,NULL,NULL,NULL
"North America",USA,Duluth,1.30,1.20,NULL,1.40,1.20,1.20,1.30,1.50
Europe,Spain,Matadepera,1.30,1.30,1.30,1.30,1.30,1.30,1.30,1.30
Africa,"South Africa",,1.30,1.20,1.20,1.20,1.20,1.30,1.40,1.50
Asia,China,Ruzhou,1.30,4.00,2.00,1.00,NULL,NULL,NULL,NULL
Asia,China,Weihai,1.20,1.20,1.20,1.30,1.20,1.00,1.10,1.10
Asia,China,Panzhihua,1.20,1.40,1.50,1.50,1.50,1.30,1.20,1.20
Asia,China,Yixing,1.20,1.60,1.80,2.00,1.90,2.00,1.90,1.80
"South America",Brazil,Joinville,1.20,1.20,1.20,1.20,1.20,1.10,1.20,1.20
Asia,India,Jaipur,1.20,1.00,1.00,1.20,1.20,1.20,1.20,1.20
Europe,Italy,"Sant Elpidio A Mare",1.20,1.30,1.40,1.40,1.40,1.40,1.40,1.40
Asia,Israel,"Bnei Brak",1.20,1.20,1.50,1.50,1.50,1.50,1.50,1.50
Europe,Russia,Murmansk,1.20,1.20,1.30,1.30,1.30,1.30,1.30,1.40
Europe,Belgium,Deinze,1.20,1.20,NULL,NULL,NULL,NULL,NULL,NULL
Europe,Netherlands,Baarn,1.20,1.20,1.20,1.20,1.20,1.20,1.20,1.30
Asia,Armenia,,1.20,1.10,1.10,1.10,1.10,1.10,1.10,1.10
Asia,Taiwan,"Chang Hwa County",1.20,1.30,1.30,1.30,1.30,1.30,1.30,1.30
"North America",USA,Chattanooga,1.20,1.30,1.50,1.30,1.40,1.30,1.80,1.70
Asia,China,Luohe,1.20,1.30,1.40,2.90,2.80,2.70,2.90,3.30
Africa,"South Africa",Stellenbosch,1.20,1.10,1.20,1.30,1.20,1.50,1.60,1.70
"South America",Brazil,Fortaleza,1.20,1.20,2.20,2.20,2.30,2.10,2.10,2.20
Asia,China,Yuxi,1.10,1.20,1.10,1.10,1.10,NULL,NULL,NULL
"North America",USA,Rhinebeck,1.10,1.10,1.10,1.10,1.10,1.10,1.10,1.10
Europe,Austria,Wels,1.10,1.10,NULL,NULL,NULL,NULL,NULL,NULL
Asia,China,Tonghua,1.10,2.10,2.10,2.10,2.10,2.10,2.10,2.10
Europe,Ukraine,Dnipro,1.10,1.10,1.00,1.00,1.00,1.00,1.00,1.00
Europe,Switzerland,Lipperswil,1.10,1.20,1.20,1.20,1.20,1.20,1.20,1.20
Europe,Germany,"St. Wendel",1.10,1.60,1.60,1.50,1.60,1.50,1.60,1.60
Europe,Belgium,Tervuren,1.10,1.10,1.10,1.10,1.10,1.10,1.10,1.10
Asia,Bangladesh,,1.10,1.10,1.10,1.10,1.10,1.10,1.10,1.10
"South America",Panama,,1.10,1.10,1.10,1.10,1.10,1.10,1.10,1.10
Asia,China,Yunfu,1.10,1.00,1.00,1.00,1.10,1.10,1.10,NULL
Africa,Nigeria,,1.10,1.40,1.70,1.60,1.50,1.50,1.40,1.40
Europe,Spain,"Palma de Majorca",1.10,1.10,1.20,1.20,1.30,1.30,1.20,1.10
Asia,China,Yangzhou,1.00,1.20,1.10,1.10,1.10,1.10,1.20,1.10
"North America",USA,Lutherville-Timonium,1.00,1.10,1.00,NULL,NULL,NULL,NULL,1.00
Asia,Israel,"Beit Yanay",1.00,1.00,1.10,1.10,1.10,1.10,1.10,1.10
Asia,China,Gaomi,1.00,1.20,1.30,1.40,1.40,1.40,1.30,1.40
"North America",USA,Birchwood,NULL,NULL,NULL,4.60,4.60,4.70,4.90,4.80
Asia,Cambodia,"Phnom Penh",NULL,NULL,NULL,NULL,NULL,NULL,NULL,NULL
"North America",USA,Brookville,NULL,NULL,NULL,NULL,NULL,NULL,NULL,NULL
Asia,Taiwan,Tainan,NULL,NULL,NULL,NULL,NULL,NULL,NULL,NULL
Asia,China,Zhuzhou,NULL,NULL,NULL,NULL,NULL,NULL,NULL,NULL
Asia,China,Xianyang,NULL,NULL,NULL,NULL,NULL,NULL,NULL,NULL
Asia,China,Dongguan,NULL,NULL,1.20,1.30,1.30,1.20,1.20,1.20
Asia,China,Jiaozuo,NULL,NULL,NULL,1.20,NULL,NULL,NULL,NULL
Asia,China,Meishan,NULL,NULL,NULL,NULL,NULL,NULL,NULL,NULL
Asia,China,Zhongshan,NULL,NULL,NULL,NULL,NULL,NULL,NULL,NULL
Asia,China,Tongxiang,NULL,NULL,NULL,NULL,NULL,1.00,NULL,NULL
Asia,Taiwan,Taoyuan,NULL,NULL,NULL,1.00,1.10,NULL,NULL,NULL
Asia,China,Laizhou,NULL,NULL,NULL,NULL,NULL,NULL,NULL,NULL
Asia,China,Nanyang,NULL,NULL,1.00,1.00,1.10,1.00,1.00,NULL
Asia,China,Urumchi,NULL,NULL,NULL,NULL,NULL,NULL,NULL,NULL
Asia,China,"Huaibei city",NULL,NULL,NULL,NULL,NULL,NULL,NULL,NULL
Asia,China,Nantong,NULL,1.00,NULL,NULL,NULL,NULL,NULL,NULL
Asia,China,Quzhou,NULL,NULL,NULL,NULL,NULL,NULL,NULL,NULL
Asia,China,Linhai,NULL,NULL,NULL,NULL,NULL,NULL,NULL,NULL
Asia,Malaysia,Selangor,NULL,NULL,NULL,NULL,1.10,1.20,1.30,1.40
Europe,Sweden,Karlstad,NULL,NULL,NULL,NULL,NULL,NULL,NULL,NULL
Asia,China,Yongzhou,NULL,NULL,NULL,NULL,1.10,1.00,NULL,NULL
Asia,Philippines,Makati,NULL,NULL,1.00,NULL,NULL,NULL,NULL,NULL
Europe,Austria,"Fuschl am See",NULL,NULL,NULL,NULL,NULL,NULL,NULL,NULL
"North America",USA,Kohler,NULL,NULL,NULL,NULL,NULL,NULL,NULL,NULL
Europe,Germany,Aurich,NULL,NULL,NULL,NULL,NULL,NULL,NULL,NULL
"North America",USA,Rye,NULL,NULL,NULL,NULL,NULL,NULL,NULL,NULL
Europe,Sweden,Bastad,NULL,NULL,NULL,NULL,NULL,NULL,NULL,NULL
Europe,UK,Leicester,NULL,NULL,NULL,NULL,NULL,NULL,NULL,NULL
Asia,"South Korea",Anyang,NULL,NULL,NULL,NULL,NULL,NULL,NULL,NULL
Asia,China,Liaoyang,NULL,NULL,NULL,NULL,NULL,NULL,NULL,NULL
"North America",USA,"Farmington Hills",NULL,NULL,NULL,NULL,NULL,NULL,NULL,NULL
Europe,Denmark,Copenhagen,NULL,NULL,NULL,NULL,NULL,NULL,NULL,NULL
Europe,France,Saint-Emilion,NULL,NULL,NULL,NULL,NULL,NULL,NULL,NULL
Asia,China,Haikou,NULL,NULL,NULL,1.30,1.50,1.30,1.00,NULL
Asia,China,Hohhot,NULL,NULL,NULL,NULL,NULL,NULL,NULL,NULL
Asia,China,Qinhuangdao,NULL,NULL,NULL,NULL,NULL,NULL,NULL,NULL
"North America",USA,"Far Hills",NULL,NULL,NULL,NULL,NULL,NULL,NULL,NULL
Europe,Germany,Augsburg,NULL,NULL,NULL,NULL,NULL,NULL,NULL,NULL
Europe,Norway,,NULL,NULL,NULL,NULL,NULL,NULL,NULL,NULL
Europe,Germany,Cologne,NULL,NULL,NULL,1.00,1.10,1.00,1.10,1.00
Europe,Ukraine,,NULL,NULL,NULL,NULL,NULL,NULL,NULL,NULL
Europe,Germany,Holzminden,NULL,NULL,NULL,NULL,NULL,NULL,1.00,1.10
Europe,Russia,Kaliningrad,NULL,2.50,2.50,2.50,2.60,2.40,2.50,2.40
Asia,India,Faridabad,NULL,NULL,1.40,1.40,1.40,1.40,1.30,1.20
Asia,"South Korea",Busan,NULL,NULL,1.20,NULL,NULL,NULL,NULL,NULL
"South America",Brazil,"Campos do Jordao",NULL,NULL,1.00,NULL,NULL,NULL,NULL,NULL
Europe,"France ",,NULL,NULL,NULL,9.20,9.20,9.20,9.20,9.20
"North America",USA,"Baton Rouge",NULL,NULL,NULL,9.10,NULL,NULL,9.10,9.10
"North America",USA,Lakeland,NULL,NULL,NULL,5.10,5.50,5.00,5.10,5.00
Asia,"United Arab Emirates",,NULL,NULL,NULL,4.80,4.80,4.80,4.80,4.80
Europe,UK,Kent,NULL,NULL,NULL,3.30,3.40,3.30,3.30,3.40
Europe,"France ",Rennes,NULL,NULL,NULL,4.80,4.80,4.80,4.80,5.00
Europe,Italy,Brescia,NULL,NULL,NULL,2.30,2.40,2.30,2.40,2.40
Europe,Poland,,NULL,NULL,NULL,2.10,2.10,2.10,2.10,2.10
Europe,Spain,Oviedo,NULL,NULL,NULL,2.00,2.20,2.00,2.20,2.20
"North America",USA,"Cut Off",NULL,NULL,NULL,2.00,2.00,2.00,2.00,2.00
"North America",USA,Miamisburg,NULL,NULL,NULL,2.00,2.00,2.00,2.00,2.00
Europe,Germany,Bovenden,NULL,NULL,NULL,1.90,1.70,1.50,1.80,1.80
"North America",USA,Shelburne,NULL,NULL,NULL,1.90,1.90,1.90,1.90,1.90
Asia,"South Korea",Cheongju,NULL,NULL,NULL,1.70,1.70,1.70,1.70,1.80
"North America",USA,Rochester,NULL,NULL,NULL,1.70,1.70,1.70,1.70,1.70
"North America",USA,Concord,NULL,NULL,NULL,1.50,1.50,1.50,1.50,1.50
"North America",USA,Wellington,NULL,NULL,NULL,1.40,1.40,1.40,1.40,1.40
"South America",Brazil,Florianopolis,NULL,NULL,NULL,5.00,4.60,4.80,5.60,6.00
"North America",USA,Raleigh,NULL,NULL,NULL,2.50,2.50,2.50,3.10,3.00
Europe,Russia,Vladivostok,NULL,NULL,NULL,2.60,2.60,2.60,2.60,2.80
Europe,Cyprus,Limassol,NULL,NULL,NULL,1.20,1.20,1.20,1.20,1.30
Asia,India,Bikaner,NULL,NULL,NULL,1.20,1.40,1.60,1.60,1.90
,,,NULL,NULL,NULL,3.20,2.10,2.20,1.10,2.10
"North America",USA,"Big Sky",NULL,NULL,NULL,1.10,1.10,1.10,1.10,1.10
Australia,Australia,Bellawongarah,NULL,NULL,NULL,1.10,1.20,1.20,1.10,1.40
"South America",Brazil,Cataguazes,NULL,NULL,NULL,1.10,1.00,NULL,NULL,NULL
"North America",USA,"Key West",NULL,NULL,NULL,1.10,1.10,1.10,1.10,1.10
Europe,Switzerland,Baar,NULL,NULL,NULL,1.00,1.10,1.00,1.10,1.10
"South America",Brazil,Eusebio,NULL,NULL,NULL,1.00,NULL,NULL,NULL,NULL
"North America",USA,Charlotte,NULL,NULL,NULL,1.00,1.00,1.00,1.00,1.00
"North America",USA,Gladstone,NULL,NULL,NULL,NULL,1.10,1.10,1.10,1.20
"South America",Argentina,"Buones Aires",NULL,NULL,NULL,NULL,1.00,NULL,NULL,NULL
"North America",USA,"Los Gatos",NULL,NULL,NULL,NULL,1.00,NULL,1.10,1.10
"North America",USA,Rosslyn,NULL,NULL,NULL,NULL,NULL,NULL,NULL,NULL
"South America",Brazil,Franca,NULL,NULL,NULL,NULL,NULL,NULL,NULL,NULL
Europe,UK,Cheshire,NULL,NULL,NULL,NULL,NULL,NULL,NULL,NULL
Europe,Monaco,Monaca,NULL,NULL,NULL,NULL,NULL,NULL,NULL,NULL
"South America",Columbia,,NULL,NULL,NULL,NULL,NULL,NULL,NULL,NULL
Europe,USA,"New York City",NULL,NULL,NULL,NULL,NULL,NULL,NULL,NULL
"North America",USA,Blaine,NULL,NULL,NULL,NULL,NULL,NULL,NULL,NULL
Asia,China,Nanchang,NULL,NULL,NULL,NULL,NULL,NULL,NULL,NULL
Asia,China,Dalian,NULL,NULL,NULL,NULL,NULL,NULL,NULL,NULL
Asia,China,Rizhao,NULL,NULL,NULL,NULL,NULL,NULL,NULL,NULL
Asia,China,Kunshan,NULL,NULL,NULL,NULL,NULL,NULL,NULL,NULL
Asia,China,Haining,NULL,NULL,NULL,NULL,NULL,NULL,NULL,NULL
Asia,China,Qiqihaer,NULL,NULL,NULL,NULL,NULL,NULL,NULL,NULL
Europe,Italy,Mantua,NULL,NULL,NULL,NULL,NULL,NULL,NULL,NULL
Asia,China,Maanshan,NULL,NULL,NULL,NULL,NULL,NULL,NULL,NULL
"North America",USA,Bellingham,NULL,NULL,NULL,NULL,NULL,NULL,NULL,NULL
Asia,China,Liupanshui,NULL,NULL,NULL,NULL,NULL,NULL,NULL,NULL
Asia,China,Ningguo,NULL,NULL,NULL,NULL,NULL,NULL,NULL,NULL
Europe,China,"Hong Kong",NULL,NULL,NULL,NULL,NULL,NULL,NULL,NULL
Asia,China,Guiyang,NULL,NULL,NULL,NULL,NULL,NULL,NULL,NULL
Asia,Japan,Kashiwa,NULL,NULL,NULL,NULL,NULL,NULL,NULL,NULL
Asia,Phillipines,,NULL,NULL,NULL,NULL,NULL,NULL,NULL,NULL
Asia,China,Dezhou,NULL,NULL,NULL,NULL,NULL,NULL,NULL,NULL
"North America",USA,Truckee,NULL,NULL,NULL,NULL,NULL,NULL,NULL,NULL
Asia,China,Dongying,NULL,NULL,NULL,NULL,NULL,NULL,NULL,NULL
Asia,China,Zhangjiagang,NULL,NULL,NULL,NULL,NULL,NULL,NULL,NULL
Europe,Russia,Mezhdurechensk,NULL,NULL,NULL,NULL,NULL,NULL,NULL,NULL
"North America",USA,Delaware,NULL,NULL,NULL,NULL,NULL,NULL,NULL,NULL
Europe,Italy,Cogliate,NULL,NULL,NULL,NULL,NULL,NULL,NULL,NULL
Asia,China,Kunming,NULL,NULL,NULL,NULL,NULL,NULL,NULL,NULL
"North America",USA,"Lake Bluff",NULL,NULL,NULL,NULL,NULL,NULL,NULL,NULL
Asia,Phillipines,Manila,NULL,NULL,NULL,NULL,NULL,NULL,NULL,NULL
Asia,Malaysia,Penang,NULL,NULL,NULL,NULL,NULL,NULL,NULL,NULL
Europe,Spain,Badalona,NULL,NULL,NULL,NULL,NULL,NULL,NULL,NULL
"North America",USA,"Chapel Hill",NULL,NULL,NULL,NULL,NULL,NULL,NULL,NULL
"South America",Brazil,Balsas,NULL,NULL,NULL,NULL,NULL,NULL,NULL,NULL
Asia,China,Taichung,NULL,NULL,NULL,NULL,NULL,NULL,NULL,NULL
Asia,China,Yuyao,NULL,NULL,NULL,NULL,NULL,NULL,NULL,NULL
"North America",USA,Sonoma,NULL,NULL,NULL,NULL,NULL,NULL,NULL,NULL
Asia,China,Jilin,NULL,NULL,NULL,NULL,NULL,NULL,NULL,NULL
Asia,India,Rajkot,NULL,NULL,NULL,NULL,NULL,1.50,1.30,1.40
Asia,India,Ludhiana,NULL,NULL,NULL,NULL,NULL,1.10,1.20,1.10
"North America",USA,Rumson,NULL,NULL,NULL,NULL,NULL,NULL,1.10,1.10
Asia,China,Heshan,NULL,NULL,NULL,NULL,NULL,NULL,1.10,NULL
